1	Tous les mêmes	Stromae	https://genius.com/Stromae-tous-les-memes-lyrics	001-Stromae-tous-les-memes
2	Feu de bois	Damso	https://genius.com/Damso-feu-de-bois-lyrics	002-Damso-feu-de-bois
3	Mwaka Moon	Kalash (Ft. Damso)	https://genius.com/Kalash-mwaka-moon-lyrics	003-Kalash-mwaka-moon
4	Au DD	PNL	https://genius.com/Pnl-au-dd-lyrics	004-Pnl-au-dd
5	DA	PNL	https://genius.com/Pnl-da-lyrics	005-Pnl-da
6	Formidable	Stromae	https://genius.com/Stromae-formidable-lyrics	006-Stromae-formidable
7	Carmen	Stromae	https://genius.com/Stromae-carmen-lyrics	007-Stromae-carmen
8	Jusqu'au dernier gramme	PNL	https://genius.com/Pnl-jusquau-dernier-gramme-lyrics	008-Pnl-jusquau-dernier-gramme
9	J'me tire	GIMS	https://genius.com/Gims-jme-tire-lyrics	009-Gims-jme-tire
10	Amnésie	Damso	https://genius.com/Damso-amnesie-lyrics	010-Damso-amnesie
11	Freeze Raël	Freeze Corleone	https://genius.com/Freeze-corleone-freeze-rael-lyrics	011-Freeze-corleone-freeze-rael
12	Le monde ou rien	PNL	https://genius.com/Pnl-le-monde-ou-rien-lyrics	012-Pnl-le-monde-ou-rien
13	Bande organisée	13 Organisé (Ft. Elams, Houari, JuL, Kofs, Naps, SCH, Solda (FRA) & Soso Maness)	https://genius.com/13-organise-bande-organisee-lyrics	013-13-organise-bande-organisee
14	Naha	PNL	https://genius.com/Pnl-naha-lyrics	014-Pnl-naha
15	92i Veyron	Booba	https://genius.com/Booba-92i-veyron-lyrics	015-Booba-92i-veyron
16	Kalash	Booba (Ft. Kaaris)	https://genius.com/Booba-kalash-lyrics	016-Booba-kalash
17	À l'ammoniaque	PNL	https://genius.com/Pnl-a-lammoniaque-lyrics	017-Pnl-a-lammoniaque
18	Fusil	SCH	https://genius.com/Sch-fusil-lyrics	018-Sch-fusil
19	Onizuka	PNL	https://genius.com/Pnl-onizuka-lyrics	019-Pnl-onizuka
20	Θ. Macarena	Damso	https://genius.com/Damso-macarena-lyrics	020-Damso-macarena
21	Γ. Mosaïque solitaire	Damso	https://genius.com/Damso-mosaique-solitaire-lyrics	021-Damso-mosaique-solitaire
22	J'oublie tout	JuL	https://genius.com/Jul-joublie-tout-lyrics	022-Jul-joublie-tout
23	Désaccordé	Vald	https://genius.com/Vald-desaccorde-lyrics	023-Vald-desaccorde
24	Bené	PNL	https://genius.com/Pnl-bene-lyrics	024-Pnl-bene
25	Humanoïde	Nekfeu	https://genius.com/Nekfeu-humanoide-lyrics	025-Nekfeu-humanoide
26	Nique les clones Part. II	Nekfeu	https://genius.com/Nekfeu-nique-les-clones-part-ii-lyrics	026-Nekfeu-nique-les-clones-part-ii
27	On verra	Nekfeu	https://genius.com/Nekfeu-on-verra-lyrics	027-Nekfeu-on-verra
28	Fichu	Django	https://genius.com/Django-fichu-lyrics	028-Django-fichu
29	Freestyle PSG (Matuidi Charo)	Niska (Ft. Brigistone, Madrane, Rako (FRA) & Trafiquinté)	https://genius.com/Niska-freestyle-psg-matuidi-charo-lyrics	029-Niska-freestyle-psg-matuidi-charo
30	Oh Lala	PNL	https://genius.com/Pnl-oh-lala-lyrics	030-Pnl-oh-lala
31	DKR	Booba	https://genius.com/Booba-dkr-lyrics	031-Booba-dkr
32	Risibles amours	Nekfeu	https://genius.com/Nekfeu-risibles-amours-lyrics	032-Nekfeu-risibles-amours
33	Ma dope	Nekfeu (Ft. S.Pri Noir)	https://genius.com/Nekfeu-ma-dope-lyrics	033-Nekfeu-ma-dope
34	Tchikita	JuL	https://genius.com/Jul-tchikita-lyrics	034-Jul-tchikita
35	Égérie	Nekfeu	https://genius.com/Nekfeu-egerie-lyrics	035-Nekfeu-egerie
36	Bambina	PNL	https://genius.com/Pnl-bambina-lyrics	036-Pnl-bambina
37	Zoo	Kaaris	https://genius.com/Kaaris-zoo-lyrics	037-Kaaris-zoo
38	Ave cesaria	Stromae	https://genius.com/Stromae-ave-cesaria-lyrics	038-Stromae-ave-cesaria
39	Scarface	Booba	https://genius.com/Booba-scarface-lyrics	039-Booba-scarface
40	Guérilla	Soolking	https://genius.com/Soolking-guerilla-lyrics	040-Soolking-guerilla
41	N. J Respect R	Damso	https://genius.com/Damso-n-j-respect-r-lyrics	041-Damso-n-j-respect-r
42	A.C. Milan	Booba	https://genius.com/Booba-ac-milan-lyrics	042-Booba-ac-milan
43	Blanka	PNL	https://genius.com/Pnl-blanka-lyrics	043-Pnl-blanka
44	Mauvaise graine	Nekfeu	https://genius.com/Nekfeu-mauvaise-graine-lyrics	044-Nekfeu-mauvaise-graine
45	A7	SCH	https://genius.com/Sch-a7-lyrics	045-Sch-a7
46	Princesse	Nekfeu (Ft. Nemir)	https://genius.com/Nekfeu-princesse-lyrics	046-Nekfeu-princesse
47	Notes pour trop tard	OrelSan (Ft. Ibeyi)	https://genius.com/Orelsan-notes-pour-trop-tard-lyrics	047-Orelsan-notes-pour-trop-tard
48	Luz de Luna	PNL	https://genius.com/Pnl-luz-de-luna-lyrics	048-Pnl-luz-de-luna
49	J'suis QLF	PNL	https://genius.com/Pnl-jsuis-qlf-lyrics	049-Pnl-jsuis-qlf
50	Validée	Booba (Ft. Benash)	https://genius.com/Booba-validee-lyrics	050-Booba-validee
51	Deux frères	PNL	https://genius.com/Pnl-deux-freres-lyrics	051-Pnl-deux-freres
52	Tempête	Nekfeu	https://genius.com/Nekfeu-tempete-lyrics	052-Nekfeu-tempete
53	Bâtard	Stromae	https://genius.com/Stromae-batard-lyrics	053-Stromae-batard
54	Sapés comme jamais (Pilule Bleue)	GIMS (Ft. Niska)	https://genius.com/Gims-sapes-comme-jamais-pilule-bleue-lyrics	054-Gims-sapes-comme-jamais-pilule-bleue
55	Réalité augmentée	Nekfeu	https://genius.com/Nekfeu-realite-augmentee-lyrics	055-Nekfeu-realite-augmentee
56	Dans la légende	PNL	https://genius.com/Pnl-dans-la-legende-lyrics	056-Pnl-dans-la-legende
57	Squa	Nekfeu	https://genius.com/Nekfeu-squa-lyrics	057-Nekfeu-squa
58	Quand je partirai	La Fouine	https://genius.com/La-fouine-quand-je-partirai-lyrics	058-La-fouine-quand-je-partirai
59	Zoulou Tchaing	PNL	https://genius.com/Pnl-zoulou-tchaing-lyrics	059-Pnl-zoulou-tchaing
60	Réseaux	Niska	https://genius.com/Niska-reseaux-lyrics	060-Niska-reseaux
61	Galatée	Nekfeu	https://genius.com/Nekfeu-galatee-lyrics	061-Nekfeu-galatee
62	Les prélis	Columbine	https://genius.com/Columbine-les-prelis-lyrics	062-Columbine-les-prelis
63	Tu la love	JuL	https://genius.com/Jul-tu-la-love-lyrics	063-Jul-tu-la-love
64	Avant tu riais	Nekfeu (Ft. Clara Luciani)	https://genius.com/Nekfeu-avant-tu-riais-lyrics	064-Nekfeu-avant-tu-riais
65	Saturne	Nekfeu (Ft. Sneazzy & S.Pri Noir)	https://genius.com/Nekfeu-saturne-lyrics	065-Nekfeu-saturne
66	Freestyle du sale	Lorenzo	https://genius.com/Lorenzo-freestyle-du-sale-lyrics	066-Lorenzo-freestyle-du-sale
67	Petite fille	Booba	https://genius.com/Booba-petite-fille-lyrics	067-Booba-petite-fille
68	Gustavo Gaviria	Lacrim	https://genius.com/Lacrim-gustavo-gaviria-lyrics	068-Lacrim-gustavo-gaviria
69	Oiseaux	Django	https://genius.com/Django-oiseaux-lyrics	069-Django-oiseaux
70	Ε. Signaler	Damso	https://genius.com/Damso-signaler-lyrics	070-Damso-signaler
71	J'fais mes affaires	Djadja & Dinaz	https://genius.com/Djadja-and-dinaz-jfais-mes-affaires-lyrics	071-Djadja-and-dinaz-jfais-mes-affaires
72	Ta fête	Stromae	https://genius.com/Stromae-ta-fete-lyrics	072-Stromae-ta-fete
73	Chang	PNL	https://genius.com/Pnl-chang-lyrics	073-Pnl-chang
74	Ma meilleure	La Fouine (Ft. Zaho)	https://genius.com/La-fouine-ma-meilleure-lyrics	074-La-fouine-ma-meilleure
75	La misère est si belle	PNL	https://genius.com/Pnl-la-misere-est-si-belle-lyrics	075-Pnl-la-misere-est-si-belle
76	Autotune	Damso	https://genius.com/Damso-autotune-lyrics	076-Damso-autotune
77	Yeux disent	Lomepal	https://genius.com/Lomepal-yeux-disent-lyrics	077-Lomepal-yeux-disent
78	Paname Boss	La Fouine (Ft. Canardo, Fababy, Niro, Sniper, Sultan & Youssoupha)	https://genius.com/La-fouine-paname-boss-lyrics	078-La-fouine-paname-boss
79	Avant qu'elle parte	Sexion d'Assaut	https://genius.com/Sexion-dassaut-avant-quelle-parte-lyrics	079-Sexion-dassaut-avant-quelle-parte
80	Ζ. Kietu	Damso	https://genius.com/Damso-kietu-lyrics	080-Damso-kietu
81	Caramel	Booba	https://genius.com/Booba-caramel-lyrics	081-Booba-caramel
82	Arrêt du cœur	Kalash Criminel (Ft. Kaaris)	https://genius.com/Kalash-criminel-arret-du-cur-lyrics	082-Kalash-criminel-arret-du-cur
83	Tricheur	Nekfeu (Ft. Damso)	https://genius.com/Nekfeu-tricheur-lyrics	083-Nekfeu-tricheur
84	Tchiki Tchiki	PNL	https://genius.com/Pnl-tchiki-tchiki-lyrics	084-Pnl-tchiki-tchiki
85	Tempête	PNL	https://genius.com/Pnl-tempete-lyrics	085-Pnl-tempete
86	Martin Eden	Nekfeu	https://genius.com/Nekfeu-martin-eden-lyrics	086-Nekfeu-martin-eden
87	Pinocchio	Booba (Ft. Damso & Gato)	https://genius.com/Booba-pinocchio-lyrics	087-Booba-pinocchio
88	Dis-moi que tu m’aimes	Ninho	https://genius.com/Ninho-dis-moi-que-tu-maimes-lyrics	088-Ninho-dis-moi-que-tu-maimes
89	Dans ma paranoïa	JuL	https://genius.com/Jul-dans-ma-paranoia-lyrics	089-Jul-dans-ma-paranoia
90	Elle pleut	Nekfeu (Ft. Nemir)	https://genius.com/Nekfeu-elle-pleut-lyrics	090-Nekfeu-elle-pleut
91	Tombé pour elle	Booba	https://genius.com/Booba-tombe-pour-elle-lyrics	091-Booba-tombe-pour-elle
92	Mowgli	Ademo	https://genius.com/Ademo-mowgli-lyrics	092-Ademo-mowgli
93	Ma direction	Sexion d'Assaut	https://genius.com/Sexion-dassaut-ma-direction-lyrics	093-Sexion-dassaut-ma-direction
94	Je vis, je visser	PNL	https://genius.com/Pnl-je-vis-je-visser-lyrics	094-Pnl-je-vis-je-visser
95	Rap catéchisme	Freeze Corleone (Ft. Alpha Wann)	https://genius.com/Freeze-corleone-rap-catechisme-lyrics	095-Freeze-corleone-rap-catechisme
96	Turfu	Booba	https://genius.com/Booba-turfu-lyrics	096-Booba-turfu
97	Zombie	GIMS	https://genius.com/Gims-zombie-lyrics	097-Gims-zombie
98	Moules frites	Stromae	https://genius.com/Stromae-moules-frites-lyrics	098-Stromae-moules-frites
99	Champs-Élysées	SCH	https://genius.com/Sch-champs-elysees-lyrics	099-Sch-champs-elysees
100	Uranus	PNL	https://genius.com/Pnl-uranus-lyrics	100-Pnl-uranus
101	À Bon Entendeur	Lartiste	https://genius.com/Lartiste-a-bon-entendeur-lyrics	101-Lartiste-a-bon-entendeur
102	Quand c'est ?	Stromae	https://genius.com/Stromae-quand-cest-lyrics	102-Stromae-quand-cest
103	Intro	Freeze Corleone	https://genius.com/Freeze-corleone-intro-lyrics	103-Freeze-corleone-intro
104	Wesh Morray	Booba	https://genius.com/Booba-wesh-morray-lyrics	104-Booba-wesh-morray
105	OKLM	Booba	https://genius.com/Booba-oklm-lyrics	105-Booba-oklm
106	Afro Trap Part. 7 (La Puissance)	MHD	https://genius.com/Mhd-afro-trap-part-7-la-puissance-lyrics	106-Mhd-afro-trap-part-7-la-puissance
107	Δ. Dieu ne ment jamais	Damso	https://genius.com/Damso-dieu-ne-ment-jamais-lyrics	107-Damso-dieu-ne-ment-jamais
108	Tchoin	Kaaris	https://genius.com/Kaaris-tchoin-lyrics	108-Kaaris-tchoin
109	Autre monde	PNL	https://genius.com/Pnl-autre-monde-lyrics	109-Pnl-autre-monde
110	Α. Nwaar Is The New Black	Damso	https://genius.com/Damso-nwaar-is-the-new-black-lyrics	110-Damso-nwaar-is-the-new-black
111	BruxellesVie	Damso	https://genius.com/Damso-bruxellesvie-lyrics	111-Damso-bruxellesvie
112	Esquimaux	Nekfeu (Ft. Népal)	https://genius.com/Nekfeu-esquimaux-lyrics	112-Nekfeu-esquimaux
113	Stupeflip vite !!!	Stupeflip	https://genius.com/Stupeflip-stupeflip-vite-lyrics	113-Stupeflip-stupeflip-vite
114	Friday	Booba	https://genius.com/Booba-friday-lyrics	114-Booba-friday
115	Bouchon de liège	Kaaris	https://genius.com/Kaaris-bouchon-de-liege-lyrics	115-Kaaris-bouchon-de-liege
116	Humain	PNL	https://genius.com/Pnl-humain-lyrics	116-Pnl-humain
117	One-One	Hayce Lemsi	https://genius.com/Hayce-lemsi-one-one-lyrics	117-Hayce-lemsi-one-one
118	Wesh alors	JuL	https://genius.com/Jul-wesh-alors-lyrics	118-Jul-wesh-alors
119	Or Noir	Kaaris	https://genius.com/Kaaris-or-noir-lyrics	119-Kaaris-or-noir
120	My World	JuL	https://genius.com/Jul-my-world-lyrics	120-Jul-my-world
121	Rosa	Gradur	https://genius.com/Gradur-rosa-lyrics	121-Gradur-rosa
122	Parlons peu	Booba	https://genius.com/Booba-parlons-peu-lyrics	122-Booba-parlons-peu
123	Autopsie 5	La Fouine	https://genius.com/La-fouine-autopsie-5-lyrics	123-La-fouine-autopsie-5
124	113	Booba (Ft. Damso)	https://genius.com/Booba-113-lyrics	124-Booba-113
125	Shenmue	PNL	https://genius.com/Pnl-shenmue-lyrics	125-Pnl-shenmue
126	Otto	SCH	https://genius.com/Sch-otto-lyrics	126-Sch-otto
127	Afro Trap, Pt. 3 (Champions League)	MHD	https://genius.com/Mhd-afro-trap-pt-3-champions-league-lyrics	127-Mhd-afro-trap-pt-3-champions-league
128	Skurt Cobain	Sneazzy (Ft. Nekfeu)	https://genius.com/Sneazzy-skurt-cobain-lyrics	128-Sneazzy-skurt-cobain
129	Tu sais pas	PNL	https://genius.com/Pnl-tu-sais-pas-lyrics	129-Pnl-tu-sais-pas
130	Dans ta rue	PNL	https://genius.com/Pnl-dans-ta-rue-lyrics	130-Pnl-dans-ta-rue
131	Dalida	Soolking	https://genius.com/Soolking-dalida-lyrics	131-Soolking-dalida
132	Je t'haine	PNL	https://genius.com/Pnl-je-thaine-lyrics	132-Pnl-je-thaine
133	Allo maman	SCH	https://genius.com/Sch-allo-maman-lyrics	133-Sch-allo-maman
134	Ipséité	Damso	https://genius.com/Damso-ipseite-lyrics	134-Damso-ipseite
135	06h16 - Des histoires à raconter	Casseurs Flowters	https://genius.com/Casseurs-flowters-06h16-des-histoires-a-raconter-lyrics	135-Casseurs-flowters-06h16-des-histoires-a-raconter
136	Se-vrak	Kaaris	https://genius.com/Kaaris-se-vrak-lyrics	136-Kaaris-se-vrak
137	Loup garou	GIMS (Ft. Sofiane)	https://genius.com/Gims-loup-garou-lyrics	137-Gims-loup-garou
138	Hors ligne	Freeze Corleone	https://genius.com/Freeze-corleone-hors-ligne-lyrics	138-Freeze-corleone-hors-ligne
139	La vie qu'on mène	Ninho	https://genius.com/Ninho-la-vie-quon-mene-lyrics	139-Ninho-la-vie-quon-mene
140	Rebenga	PNL (Ft. RKM)	https://genius.com/Pnl-rebenga-lyrics	140-Pnl-rebenga
141	De l'autre côté	Ninho (Ft. Nekfeu)	https://genius.com/Ninho-de-lautre-cote-lyrics	141-Ninho-de-lautre-cote
142	Mira	PNL	https://genius.com/Pnl-mira-lyrics	142-Pnl-mira
143	Les princes	MZ (Ft. Nekfeu)	https://genius.com/Mz-les-princes-lyrics	143-Mz-les-princes
144	Pitbull	Booba	https://genius.com/Booba-pitbull-lyrics	144-Booba-pitbull
145	Paris c'est loin	Damso (Ft. Booba)	https://genius.com/Damso-paris-cest-loin-lyrics	145-Damso-paris-cest-loin
146	91's	PNL	https://genius.com/Pnl-91s-lyrics	146-Pnl-91s
147	avf	Stromae (Ft. GIMS & OrelSan)	https://genius.com/Stromae-avf-lyrics	147-Stromae-avf
148	Cramés	PNL	https://genius.com/Pnl-crames-lyrics	148-Pnl-crames
149	J'comprends pas	PNL	https://genius.com/Pnl-jcomprends-pas-lyrics	149-Pnl-jcomprends-pas
150	Génération Assassin	Booba	https://genius.com/Booba-generation-assassin-lyrics	150-Booba-generation-assassin
151	Anarchie	SCH	https://genius.com/Sch-anarchie-lyrics	151-Sch-anarchie
152	Meurtre Par Strangulation	GIMS	https://genius.com/Gims-meurtre-par-strangulation-lyrics	152-Gims-meurtre-par-strangulation
153	Salé	Niska	https://genius.com/Niska-sale-lyrics	153-Niska-sale
154	Julien	Damso	https://genius.com/Damso-julien-lyrics	154-Damso-julien
155	J'suis PNL	PNL	https://genius.com/Pnl-jsuis-pnl-lyrics	155-Pnl-jsuis-pnl
156	Kuta Ubud	PNL	https://genius.com/Pnl-kuta-ubud-lyrics	156-Pnl-kuta-ubud
157	Dreamin'	Youssoupha (Ft. Indila)	https://genius.com/Youssoupha-dreamin-lyrics	157-Youssoupha-dreamin
158	MOWGLI II	PNL	https://genius.com/Pnl-mowgli-ii-lyrics	158-Pnl-mowgli-ii
159	A.W.A	Lacrim (Ft. French Montana)	https://genius.com/Lacrim-awa-lyrics	159-Lacrim-awa
160	On se connaît	Youssoupha (Ft. Noémie)	https://genius.com/Youssoupha-on-se-connait-lyrics	160-Youssoupha-on-se-connait
161	Les étoiles vagabondes	Nekfeu	https://genius.com/Nekfeu-les-etoiles-vagabondes-lyrics	161-Nekfeu-les-etoiles-vagabondes
162	Trône	Booba	https://genius.com/Booba-trone-lyrics	162-Booba-trone
163	Smog	Damso	https://genius.com/Damso-smog-lyrics	163-Damso-smog
164	Nous aussi	Bigflo & Oli	https://genius.com/Bigflo-and-oli-nous-aussi-lyrics	164-Bigflo-and-oli-nous-aussi
165	Infréquentables	Dosseh (Ft. Booba)	https://genius.com/Dosseh-infrequentables-lyrics	165-Dosseh-infrequentables
166	Rêves bizarres	OrelSan (Ft. Damso)	https://genius.com/Orelsan-reves-bizarres-lyrics	166-Orelsan-reves-bizarres
167	Porte de Mesrine	PNL	https://genius.com/Pnl-porte-de-mesrine-lyrics	167-Pnl-porte-de-mesrine
168	Lion	PNL	https://genius.com/Pnl-lion-lyrics	168-Pnl-lion
169	Vitrine	Vald (Ft. Damso)	https://genius.com/Vald-vitrine-lyrics	169-Vald-vitrine
170	Chocolat	Lartiste (Ft. Awa Imani)	https://genius.com/Lartiste-chocolat-lyrics	170-Lartiste-chocolat
171	Demain, c’est loin	IAM	https://genius.com/Iam-demain-cest-loin-lyrics	171-Iam-demain-cest-loin
172	Menace	PNL	https://genius.com/Pnl-menace-lyrics	172-Pnl-menace
173	Plume	Nekfeu	https://genius.com/Nekfeu-plume-lyrics	173-Nekfeu-plume
174	Sommeil	Stromae	https://genius.com/Stromae-sommeil-lyrics	174-Stromae-sommeil
175	3G	Booba	https://genius.com/Booba-3g-lyrics	175-Booba-3g
176	Carjack Chiraq	Niska (Ft. Brigistone, Madrane & XVBARBAR)	https://genius.com/Niska-carjack-chiraq-lyrics	176-Niska-carjack-chiraq
177	Sort le cross volé	JuL	https://genius.com/Jul-sort-le-cross-vole-lyrics	177-Jul-sort-le-cross-vole
178	Simba	PNL	https://genius.com/Pnl-simba-lyrics	178-Pnl-simba
179	Reuf	Nekfeu (Ft. Ed Sheeran)	https://genius.com/Nekfeu-reuf-lyrics	179-Nekfeu-reuf
180	Rouge et bleu	Kalash (Ft. Booba)	https://genius.com/Kalash-rouge-et-bleu-lyrics	180-Kalash-rouge-et-bleu
181	Wesh Zoulette	Rohff	https://genius.com/Rohff-wesh-zoulette-lyrics	181-Rohff-wesh-zoulette
182	Corleone	Lacrim	https://genius.com/Lacrim-corleone-lyrics	182-Lacrim-corleone
183	RTC	Booba	https://genius.com/Booba-rtc-lyrics	183-Booba-rtc
184	Ξ. Une âme pour deux	Damso	https://genius.com/Damso-une-ame-pour-deux-lyrics	184-Damso-une-ame-pour-deux
185	Sacrifice de Masse	Freeze Corleone (Ft. Osirus Jack)	https://genius.com/Freeze-corleone-sacrifice-de-masse-lyrics	185-Freeze-corleone-sacrifice-de-masse
186	Mobali	Siboy (Ft. Benash & Damso)	https://genius.com/Siboy-mobali-lyrics	186-Siboy-mobali
187	Gomorra	SCH	https://genius.com/Sch-gomorra-lyrics	187-Sch-gomorra
188	Hasta la vista	PNL	https://genius.com/Pnl-hasta-la-vista-lyrics	188-Pnl-hasta-la-vista
189	Baltringue	Damso	https://genius.com/Damso-baltringue-lyrics	189-Damso-baltringue
190	Nekketsu	Nekfeu (Ft. Crystal Kay)	https://genius.com/Nekfeu-nekketsu-lyrics	190-Nekfeu-nekketsu
191	Desiigner	Freeze Corleone	https://genius.com/Freeze-corleone-desiigner-lyrics	191-Freeze-corleone-desiigner
192	Baton Rouge	Freeze Corleone	https://genius.com/Freeze-corleone-baton-rouge-lyrics	192-Freeze-corleone-baton-rouge
193	É.L.É.P.H.A.N.T.	Booba	https://genius.com/Booba-elephant-lyrics	193-Booba-elephant
194	Kratos	PNL	https://genius.com/Pnl-kratos-lyrics	194-Pnl-kratos
195	RR 9.1	Koba LaD (Ft. Niska)	https://genius.com/Koba-lad-rr-91-lyrics	195-Koba-lad-rr-91
196	Que la mif	PNL (Ft. F430, Ilinas, Moha MMZ & S-Pion)	https://genius.com/Pnl-que-la-mif-lyrics	196-Pnl-que-la-mif
197	LVMH	Booba	https://genius.com/Booba-lvmh-lyrics	197-Booba-lvmh
198	Tony Sosa	Booba	https://genius.com/Booba-tony-sosa-lyrics	198-Booba-tony-sosa
199	Lova	JuL	https://genius.com/Jul-lova-lyrics	199-Jul-lova
200	Ça va trop vite	Bigflo & Oli (Ft. Busta Rhymes)	https://genius.com/Bigflo-and-oli-ca-va-trop-vite-lyrics	200-Bigflo-and-oli-ca-va-trop-vite
201	Attila	Booba	https://genius.com/Booba-attila-lyrics	201-Booba-attila
202	Σ. MOROSE	Damso	https://genius.com/Damso-morose-lyrics	202-Damso-morose
203	Débrouillard	Damso	https://genius.com/Damso-debrouillard-lyrics	203-Damso-debrouillard
204	Grand Paris	Médine (Ft. Alivor, Lartiste, Lino, Ninho, Seth Gueko, Sofiane & Youssoupha)	https://genius.com/Medine-grand-paris-lyrics	204-Medine-grand-paris
205	Motel	Ashh	https://genius.com/Ashh-motel-lyrics	205-Ashh-motel
206	Longue vie	Sofiane (Ft. Hornet La Frappe & Ninho)	https://genius.com/Sofiane-longue-vie-lyrics	206-Sofiane-longue-vie
207	Oh bah oui	Lacrim (Ft. Booba)	https://genius.com/Lacrim-oh-bah-oui-lyrics	207-Lacrim-oh-bah-oui
208	Comme d'hab	JuL (Ft. Alonzo)	https://genius.com/Jul-comme-dhab-lyrics	208-Jul-comme-dhab
209	PMW	Shay	https://genius.com/Shay-pmw-lyrics	209-Shay-pmw
210	Life	Hamza	https://genius.com/Hamza-life-lyrics	210-Hamza-life
211	Humains	Damso	https://genius.com/Damso-humains-lyrics	211-Damso-humains
212	Sur Paname	PNL	https://genius.com/Pnl-sur-paname-lyrics	212-Pnl-sur-paname
213	DEUX TOILES DE MER	Damso	https://genius.com/Damso-deux-toiles-de-mer-lyrics	213-Damso-deux-toiles-de-mer
214	Déconnecté	PNL	https://genius.com/Pnl-deconnecte-lyrics	214-Pnl-deconnecte
215	Cœurs	PNL	https://genius.com/Pnl-curs-lyrics	215-Pnl-curs
216	Origine des rappeurs français	Genius France	https://genius.com/Genius-france-origine-des-rappeurs-francais-lyrics	216-Genius-france-origine-des-rappeurs-francais
217	Tout l'monde s'en fout	Sofiane	https://genius.com/Sofiane-tout-lmonde-sen-fout-lyrics	217-Sofiane-tout-lmonde-sen-fout
218	Cheum	Nekfeu	https://genius.com/Nekfeu-cheum-lyrics	218-Nekfeu-cheum
219	Όλα Καλά (Ola Kala)	Nekfeu	https://genius.com/Nekfeu-ola-kala-lyrics	219-Nekfeu-ola-kala
220	Lettre à une femme	Ninho	https://genius.com/Ninho-lettre-a-une-femme-lyrics	220-Ninho-lettre-a-une-femme
221	Dans mon dél	JuL	https://genius.com/Jul-dans-mon-del-lyrics	221-Jul-dans-mon-del
222	Graine de sablier	Damso	https://genius.com/Damso-graine-de-sablier-lyrics	222-Damso-graine-de-sablier
223	Futur	Booba	https://genius.com/Booba-futur-lyrics	223-Booba-futur
224	Printemps blanc	Niro (Ft. La Zarra)	https://genius.com/Niro-printemps-blanc-lyrics	224-Niro-printemps-blanc
225	#BaWéMonAmi	Niro	https://genius.com/Niro-bawemonami-lyrics	225-Niro-bawemonami
226	Le M	PNL	https://genius.com/Pnl-le-m-lyrics	226-Pnl-le-m
227	Paradis ou enfer	Kaaris	https://genius.com/Kaaris-paradis-ou-enfer-lyrics	227-Kaaris-paradis-ou-enfer
228	Liquide	SCH (Ft. Lacrim)	https://genius.com/Sch-liquide-lyrics	228-Sch-liquide
229	VivaStreet	Niro	https://genius.com/Niro-vivastreet-lyrics	229-Niro-vivastreet
230	La mort leur va si bien	Booba	https://genius.com/Booba-la-mort-leur-va-si-bien-lyrics	230-Booba-la-mort-leur-va-si-bien
231	Différents	PNL	https://genius.com/Pnl-differents-lyrics	231-Pnl-differents
232	Mexico	PNL	https://genius.com/Pnl-mexico-lyrics	232-Pnl-mexico
233	Pirates	Booba	https://genius.com/Booba-pirates-lyrics	233-Booba-pirates
234	Drôle de question	Roméo Elvis & Le Motel	https://genius.com/Romeo-elvis-and-le-motel-drole-de-question-lyrics	234-Romeo-elvis-and-le-motel-drole-de-question
235	Habitué	Dosseh	https://genius.com/Dosseh-habitue-lyrics	235-Dosseh-habitue
236	Ridin'	Booba	https://genius.com/Booba-ridin-lyrics	236-Booba-ridin
237	Game Over	Vitaa (Ft. GIMS)	https://genius.com/Vitaa-game-over-lyrics	237-Vitaa-game-over
238	Salside	Booba	https://genius.com/Booba-salside-lyrics	238-Booba-salside
239	Dans l'univers	Nekfeu (Ft. Vanessa Paradis)	https://genius.com/Nekfeu-dans-lunivers-lyrics	239-Nekfeu-dans-lunivers
240	Milano	Soolking	https://genius.com/Soolking-milano-lyrics	240-Soolking-milano
241	Drill FR 4	Gazo (Ft. Freeze Corleone)	https://genius.com/Gazo-drill-fr-4-lyrics	241-Gazo-drill-fr-4
242	4G	Booba	https://genius.com/Booba-4g-lyrics	242-Booba-4g
243	Suicide social	OrelSan	https://genius.com/Orelsan-suicide-social-lyrics	243-Orelsan-suicide-social
244	Dommage	Bigflo & Oli	https://genius.com/Bigflo-and-oli-dommage-lyrics	244-Bigflo-and-oli-dommage
245	Paname	Booba	https://genius.com/Booba-paname-lyrics	245-Booba-paname
246	Mamacita	Ninho	https://genius.com/Ninho-mamacita-lyrics	246-Ninho-mamacita
247	Espérance de vie	Youssoupha	https://genius.com/Youssoupha-esperance-de-vie-lyrics	247-Youssoupha-esperance-de-vie
248	Maître Yoda	Booba	https://genius.com/Booba-maitre-yoda-lyrics	248-Booba-maitre-yoda
249	Khapta	Heuss L'enfoiré (Ft. Sofiane)	https://genius.com/Heuss-lenfoire-khapta-lyrics	249-Heuss-lenfoire-khapta
250	Monsieur Sable	Nekfeu, Alpha Wann & Basement Beatzz	https://genius.com/Nekfeu-alpha-wann-and-basement-beatzz-monsieur-sable-lyrics	250-Nekfeu-alpha-wann-and-basement-beatzz-monsieur-sable
251	Bazardée	KeBlack	https://genius.com/Keblack-bazardee-lyrics	251-Keblack-bazardee
252	JAUNÉ	Booba (Ft. Zed)	https://genius.com/Booba-jaune-lyrics	252-Booba-jaune
253	Dounia	Rohff	https://genius.com/Rohff-dounia-lyrics	253-Rohff-dounia
254	Rose	Ninho	https://genius.com/Ninho-rose-lyrics	254-Ninho-rose
255	Bonjour	Vald	https://genius.com/Vald-bonjour-lyrics	255-Vald-bonjour
256	Rêve d'avoir des rêves	Nekfeu	https://genius.com/Nekfeu-reve-davoir-des-reves-lyrics	256-Nekfeu-reve-davoir-des-reves
257	Silence	Damso (Ft. Angèle)	https://genius.com/Damso-silence-lyrics	257-Damso-silence
258	Mi Gna	GIMS (Ft. Spitakci Hayko & Super Sako)	https://genius.com/Gims-mi-gna-lyrics	258-Gims-mi-gna
259	Attendez-moi	Guizmo	https://genius.com/Guizmo-attendez-moi-lyrics	259-Guizmo-attendez-moi
260	Drapeau noir	Booba	https://genius.com/Booba-drapeau-noir-lyrics	260-Booba-drapeau-noir
261	Tueurs	Damso	https://genius.com/Damso-tueurs-lyrics	261-Damso-tueurs
262	Tout seul	JuL	https://genius.com/Jul-tout-seul-lyrics	262-Jul-tout-seul
263	Comme pas deux	PNL	https://genius.com/Pnl-comme-pas-deux-lyrics	263-Pnl-comme-pas-deux
264	Morpheus	SCH	https://genius.com/Sch-morpheus-lyrics	264-Sch-morpheus
265	Être humain	Nekfeu (Ft. Amber-Simone (UK))	https://genius.com/Nekfeu-etre-humain-lyrics	265-Nekfeu-etre-humain
266	Trop beau	Lomepal	https://genius.com/Lomepal-trop-beau-lyrics	266-Lomepal-trop-beau
267	Une vie	Booba	https://genius.com/Booba-une-vie-lyrics	267-Booba-une-vie
268	Lune De FieL	MZ (Ft. Marlo (FRA))	https://genius.com/Mz-lune-de-fiel-lyrics	268-Mz-lune-de-fiel
269	B. #QuedusaalVie	Damso	https://genius.com/Damso-b-quedusaalvie-lyrics	269-Damso-b-quedusaalvie
270	Sheita	PNL	https://genius.com/Pnl-sheita-lyrics	270-Pnl-sheita
271	Sur ma route	Black M	https://genius.com/Black-m-sur-ma-route-lyrics	271-Black-m-sur-ma-route
272	Comme si	SCH	https://genius.com/Sch-comme-si-lyrics	272-Sch-comme-si
273	Menteur menteur	Nekfeu	https://genius.com/Nekfeu-menteur-menteur-lyrics	273-Nekfeu-menteur-menteur
274	Journal perso II	Vald	https://genius.com/Vald-journal-perso-ii-lyrics	274-Vald-journal-perso-ii
275	Freestyle Couvre Feu (OKLM)	Booba (Ft. Damso, Jacky, Kalash & Niska)	https://genius.com/Booba-freestyle-couvre-feu-oklm-lyrics	275-Booba-freestyle-couvre-feu-oklm
276	O.D	Nekfeu (Ft. Murkage Dave)	https://genius.com/Nekfeu-od-lyrics	276-Nekfeu-od
277	En Y	JuL	https://genius.com/Jul-en-y-lyrics	277-Jul-en-y
278	Celsius	PNL	https://genius.com/Pnl-celsius-lyrics	278-Pnl-celsius
279	U.B.	Nekfeu	https://genius.com/Nekfeu-ub-lyrics	279-Nekfeu-ub
280	Clandestina	Lartiste	https://genius.com/Lartiste-clandestina-lyrics	280-Lartiste-clandestina
281	San	OrelSan	https://genius.com/Orelsan-san-lyrics	281-Orelsan-san
282	FREESTYLE HORS SÉRIE	1PLIKÉ140	https://genius.com/1plike140-freestyle-hors-serie-lyrics	282-1plike140-freestyle-hors-serie
283	Zlatana	Rohff	https://genius.com/Rohff-zlatana-lyrics	283-Rohff-zlatana
284	La lettre	Lunatic	https://genius.com/Lunatic-la-lettre-lyrics	284-Lunatic-la-lettre
285	Bizon	Kaaris	https://genius.com/Kaaris-bizon-lyrics	285-Kaaris-bizon
286	John Lennon	SCH	https://genius.com/Sch-john-lennon-lyrics	286-Sch-john-lennon
287	Mon âme	Nekfeu (Ft. Sneazzy)	https://genius.com/Nekfeu-mon-ame-lyrics	287-Nekfeu-mon-ame
288	Comme une étoile	Booba	https://genius.com/Booba-comme-une-etoile-lyrics	288-Booba-comme-une-etoile
289	Binks to Binks Part. 2	Ninho	https://genius.com/Ninho-binks-to-binks-part-2-lyrics	289-Ninho-binks-to-binks-part-2
290	63	Kaaris	https://genius.com/Kaaris-63-lyrics	290-Kaaris-63
291	Gramme 2 peuf	Hornet La Frappe	https://genius.com/Hornet-la-frappe-gramme-2-peuf-lyrics	291-Hornet-la-frappe-gramme-2-peuf
292	Chasse à l’homme	Niska	https://genius.com/Niska-chasse-a-lhomme-lyrics	292-Niska-chasse-a-lhomme
293	Ténébreux #1	Koba LaD	https://genius.com/Koba-lad-tenebreux-1-lyrics	293-Koba-lad-tenebreux-1
294	Team BS	Team BS	https://genius.com/Team-bs-team-bs-lyrics	294-Team-bs-team-bs
295	Thibaut Courtois	Shay	https://genius.com/Shay-thibaut-courtois-lyrics	295-Shay-thibaut-courtois
296	Goutte d'eau	Ninho	https://genius.com/Ninho-goutte-deau-lyrics	296-Ninho-goutte-deau
297	T.L.T	Booba	https://genius.com/Booba-tlt-lyrics	297-Booba-tlt
298	Air Max	Rim'K (Ft. Ninho)	https://genius.com/Rimk-air-max-lyrics	298-Rimk-air-max
299	Mafiosa	Lartiste (Ft. Caroliina)	https://genius.com/Lartiste-mafiosa-lyrics	299-Lartiste-mafiosa
300	Thug Mariage	Rohff (Ft. Indila)	https://genius.com/Rohff-thug-mariage-lyrics	300-Rohff-thug-mariage
301	Paix sans guerre	MRC	https://genius.com/Mrc-paix-sans-guerre-lyrics	301-Mrc-paix-sans-guerre
302	Blanche	Maes (Ft. Booba)	https://genius.com/Maes-blanche-lyrics	302-Maes-blanche
303	Hiro	Soprano (Ft. Indila)	https://genius.com/Soprano-hiro-lyrics	303-Soprano-hiro
304	La vie est belle	PNL	https://genius.com/Pnl-la-vie-est-belle-lyrics	304-Pnl-la-vie-est-belle
305	PGP	Booba	https://genius.com/Booba-pgp-lyrics	305-Booba-pgp
306	Boulbi	Booba	https://genius.com/Booba-boulbi-lyrics	306-Booba-boulbi
307	Daniel Sam	Booba	https://genius.com/Booba-daniel-sam-lyrics	307-Booba-daniel-sam
308	Comme les autres	Booba	https://genius.com/Booba-comme-les-autres-lyrics	308-Booba-comme-les-autres
309	Eurotrap	Vald	https://genius.com/Vald-eurotrap-lyrics	309-Vald-eurotrap
310	Frontières	PNL	https://genius.com/Pnl-frontieres-lyrics	310-Pnl-frontieres
311	Cartine Cartier	SCH & Sfera Ebbasta	https://genius.com/Sch-and-sfera-ebbasta-cartine-cartier-lyrics	311-Sch-and-sfera-ebbasta-cartine-cartier
312	Nekfeu vs Logik Konstantine	Rap Contenders (Ft. Logik Konstantine & Nekfeu)	https://genius.com/Rap-contenders-nekfeu-vs-logik-konstantine-lyrics	312-Rap-contenders-nekfeu-vs-logik-konstantine
313	Incompris	Click delta	https://genius.com/Click-delta-incompris-lyrics	313-Click-delta-incompris
314	D.U.C	Booba	https://genius.com/Booba-duc-lyrics	314-Booba-duc
315	Toto et Ninetta	JuL	https://genius.com/Jul-toto-et-ninetta-lyrics	315-Jul-toto-et-ninetta
316	Tuba Life	Niska (Ft. Booba)	https://genius.com/Niska-tuba-life-lyrics	316-Niska-tuba-life
317	Nougat	Booba	https://genius.com/Booba-nougat-lyrics	317-Booba-nougat
318	Bécane	Lomepal (Ft. Superpoze)	https://genius.com/Lomepal-becane-lyrics	318-Lomepal-becane
319	Walabok	Booba	https://genius.com/Booba-walabok-lyrics	319-Booba-walabok
320	Blow	Kaaris	https://genius.com/Kaaris-blow-lyrics	320-Kaaris-blow
321	Paradis	OrelSan	https://genius.com/Orelsan-paradis-lyrics	321-Orelsan-paradis
322	Pierre, feuille, papier, ciseaux	Columbine	https://genius.com/Columbine-pierre-feuille-papier-ciseaux-lyrics	322-Columbine-pierre-feuille-papier-ciseaux
323	Défaite de famille	OrelSan	https://genius.com/Orelsan-defaite-de-famille-lyrics	323-Orelsan-defaite-de-famille
324	Sale pute	OrelSan	https://genius.com/Orelsan-sale-pute-lyrics	324-Orelsan-sale-pute
325	C'est la vie	Booba (Ft. 2 Chainz)	https://genius.com/Booba-cest-la-vie-lyrics	325-Booba-cest-la-vie
326	Plus Tony que Sosa	PNL	https://genius.com/Pnl-plus-tony-que-sosa-lyrics	326-Pnl-plus-tony-que-sosa
327	60 années	Damso	https://genius.com/Damso-60-annees-lyrics	327-Damso-60-annees
328	Vermedin	Umut Timur (Ft. MRC)	https://genius.com/Umut-timur-vermedin-lyrics	328-Umut-timur-vermedin
329	64 mesures de spleen	Jazzy Bazz	https://genius.com/Jazzy-bazz-64-mesures-de-spleen-lyrics	329-Jazzy-bazz-64-mesures-de-spleen
330	Fixette	Ziak	https://genius.com/Ziak-fixette-lyrics	330-Ziak-fixette
331	Là-haut	Hugo TSR	https://genius.com/Hugo-tsr-la-haut-lyrics	331-Hugo-tsr-la-haut
332	Chargé	Kaaris	https://genius.com/Kaaris-charge-lyrics	332-Kaaris-charge
333	Lucy	Lomepal (Ft. 2Fingz)	https://genius.com/Lomepal-lucy-lyrics	333-Lomepal-lucy
334	Traîtres	Lacrim	https://genius.com/Lacrim-traitres-lyrics	334-Lacrim-traitres
335	Ciel noir	Nekfeu	https://genius.com/Nekfeu-ciel-noir-lyrics	335-Nekfeu-ciel-noir
336	M.I.L.S 2.0	Ninho	https://genius.com/Ninho-mils-20-lyrics	336-Ninho-mils-20
337	Fable	Django	https://genius.com/Django-fable-lyrics	337-Django-fable
338	Au quartier	JuL	https://genius.com/Jul-au-quartier-lyrics	338-Jul-au-quartier
339	Mannschaft	SCH (Ft. Freeze Corleone)	https://genius.com/Sch-mannschaft-lyrics	339-Sch-mannschaft
340	Bang	PNL	https://genius.com/Pnl-bang-lyrics	340-Pnl-bang
341	Amnésia	JuL	https://genius.com/Jul-amnesia-lyrics	341-Jul-amnesia
342	6.45i	SCH	https://genius.com/Sch-645i-lyrics	342-Sch-645i
343	Regretté	Rohff	https://genius.com/Rohff-regrette-lyrics	343-Rohff-regrette
344	Finis-les	Alonzo	https://genius.com/Alonzo-finis-les-lyrics	344-Alonzo-finis-les
345	Zone	OrelSan (Ft. Dizzee Rascal & Nekfeu)	https://genius.com/Orelsan-zone-lyrics	345-Orelsan-zone
346	L'odeur de l'essence	OrelSan	https://genius.com/Orelsan-lodeur-de-lessence-lyrics	346-Orelsan-lodeur-de-lessence
347	Wild Boy (Remix)	Lacrim (Ft. Hayce Lemsi, Kalash l'Afro, Kamelenouvo, Le Rat Luciano, Niro, Still Fresh & Wanis)	https://genius.com/Lacrim-wild-boy-remix-lyrics	347-Lacrim-wild-boy-remix
348	Polémique	Freeze Corleone (Ft. Central Cee)	https://genius.com/Freeze-corleone-polemique-lyrics	348-Freeze-corleone-polemique
349	Eurovision	Central Cee (Ft. A2 Anti, ASHE 22, Baby Gang, Beny Jr, Freeze Corleone, Morad & Rondodasosa)	https://genius.com/Central-cee-eurovision-lyrics	349-Central-cee-eurovision
350	J'aurais pas dû	S-Crew	https://genius.com/S-crew-jaurais-pas-du-lyrics	350-S-crew-jaurais-pas-du
351	Mon bijou	JuL	https://genius.com/Jul-mon-bijou-lyrics	351-Jul-mon-bijou
352	Wati House	Sexion d'Assaut	https://genius.com/Sexion-dassaut-wati-house-lyrics	352-Sexion-dassaut-wati-house
353	Afro Trap, Pt. 5 (Ngatie Abedi)	MHD	https://genius.com/Mhd-afro-trap-pt-5-ngatie-abedi-lyrics	353-Mhd-afro-trap-pt-5-ngatie-abedi
354	J'ai vu	Roméo Elvis & Le Motel (Ft. Angèle)	https://genius.com/Romeo-elvis-and-le-motel-jai-vu-lyrics	354-Romeo-elvis-and-le-motel-jai-vu
355	PNL	PNL	https://genius.com/Pnl-pnl-lyrics	355-Pnl-pnl
356	Φ. THEVIE RADIO	Damso	https://genius.com/Damso-thevie-radio-lyrics	356-Damso-thevie-radio
357	XNXX	Dinos	https://genius.com/Dinos-xnxx-lyrics	357-Dinos-xnxx
358	Balader	Sexion d'Assaut	https://genius.com/Sexion-dassaut-balader-lyrics	358-Sexion-dassaut-balader
359	J'avais pas les mots	La Fouine	https://genius.com/La-fouine-javais-pas-les-mots-lyrics	359-La-fouine-javais-pas-les-mots
360	Freestyle 1er Juin	Lacrim	https://genius.com/Lacrim-freestyle-1er-juin-lyrics	360-Lacrim-freestyle-1er-juin
361	Juste pour voir	S.Pri Noir (Ft. Nekfeu)	https://genius.com/Spri-noir-juste-pour-voir-lyrics	361-Spri-noir-juste-pour-voir
362	Lala	PNL	https://genius.com/Pnl-lala-lyrics	362-Pnl-lala
363	SPÉCIAL	Laylow (Ft. Fousheé & Nekfeu)	https://genius.com/Laylow-special-lyrics	363-Laylow-special
364	Maman ne le sait pas	Ninho (Ft. Niska)	https://genius.com/Ninho-maman-ne-le-sait-pas-lyrics	364-Ninho-maman-ne-le-sait-pas
365	Temps électrique	Columbine	https://genius.com/Columbine-temps-electrique-lyrics	365-Columbine-temps-electrique
366	Bad Boy	Marwa Loud	https://genius.com/Marwa-loud-bad-boy-lyrics	366-Marwa-loud-bad-boy
367	Binta	Alonzo	https://genius.com/Alonzo-binta-lyrics	367-Alonzo-binta
368	Rémi	Columbine	https://genius.com/Columbine-remi-lyrics	368-Columbine-remi
369	Testament	Rohff	https://genius.com/Rohff-testament-lyrics	369-Rohff-testament
370	Entourage	Youssoupha	https://genius.com/Youssoupha-entourage-lyrics	370-Youssoupha-entourage
371	Lolita	Ashh	https://genius.com/Ashh-lolita-lyrics	371-Ashh-lolita
372	Lettre à la république	Kery James	https://genius.com/Kery-james-lettre-a-la-republique-lyrics	372-Kery-james-lettre-a-la-republique
373	Disque d'or	Sexion d'Assaut	https://genius.com/Sexion-dassaut-disque-dor-lyrics	373-Sexion-dassaut-disque-dor
374	La pluie	OrelSan (Ft. Stromae)	https://genius.com/Orelsan-la-pluie-lyrics	374-Orelsan-la-pluie
375	Gravé dans la roche	Sniper	https://genius.com/Sniper-grave-dans-la-roche-lyrics	375-Sniper-grave-dans-la-roche
376	Inachevés	Casseurs Flowters	https://genius.com/Casseurs-flowters-inacheves-lyrics	376-Casseurs-flowters-inacheves
377	Désolé	Sexion d'Assaut	https://genius.com/Sexion-dassaut-desole-lyrics	377-Sexion-dassaut-desole
378	Dix leurres	Damso	https://genius.com/Damso-dix-leurres-lyrics	378-Damso-dix-leurres
379	Takotsubo	Nekfeu	https://genius.com/Nekfeu-takotsubo-lyrics	379-Nekfeu-takotsubo
380	Peur d'être sobre	Damso	https://genius.com/Damso-peur-detre-sobre-lyrics	380-Damso-peur-detre-sobre
381	Temps mort 2.0	Booba (Ft. Lino)	https://genius.com/Booba-temps-mort-20-lyrics	381-Booba-temps-mort-20
382	Gala Gala	PNL	https://genius.com/Pnl-gala-gala-lyrics	382-Pnl-gala-gala
383	Africain	Sexion d'Assaut	https://genius.com/Sexion-dassaut-africain-lyrics	383-Sexion-dassaut-africain
384	Abonné	PNL	https://genius.com/Pnl-abonne-lyrics	384-Pnl-abonne
385	Festival de rêves	Damso	https://genius.com/Damso-festival-de-reves-lyrics	385-Damso-festival-de-reves
386	Should I	Rilès	https://genius.com/Riles-should-i-lyrics	386-Riles-should-i
387	Elle m'a eu	Ninho	https://genius.com/Ninho-elle-ma-eu-lyrics	387-Ninho-elle-ma-eu
388	Sors de ma tête	Niro	https://genius.com/Niro-sors-de-ma-tete-lyrics	388-Niro-sors-de-ma-tete
389	Jefe	Ninho	https://genius.com/Ninho-jefe-lyrics	389-Ninho-jefe
390	J'reste debout	Sexion d'Assaut	https://genius.com/Sexion-dassaut-jreste-debout-lyrics	390-Sexion-dassaut-jreste-debout
391	Binks	Kaaris	https://genius.com/Kaaris-binks-lyrics	391-Kaaris-binks
392	Capuche	PNL	https://genius.com/Pnl-capuche-lyrics	392-Pnl-capuche
393	Mon amour	JuL	https://genius.com/Jul-mon-amour-lyrics	393-Jul-mon-amour
394	Bang Bang	Lartiste	https://genius.com/Lartiste-bang-bang-lyrics	394-Lartiste-bang-bang
395	Gris	Vald	https://genius.com/Vald-gris-lyrics	395-Vald-gris
396	Maria Maria	Ghetto Phénomène (Ft. JuL)	https://genius.com/Ghetto-phenomene-maria-maria-lyrics	396-Ghetto-phenomene-maria-maria
397	Laisse aller	Nekfeu	https://genius.com/Nekfeu-laisse-aller-lyrics	397-Nekfeu-laisse-aller
398	Putana	Ninho	https://genius.com/Ninho-putana-lyrics	398-Ninho-putana
399	S.E.V.R.A.N	Kaaris	https://genius.com/Kaaris-sevran-lyrics	399-Kaaris-sevran
400	Basique	OrelSan	https://genius.com/Orelsan-basique-lyrics	400-Orelsan-basique
401	VQ2PQ	GIMS	https://genius.com/Gims-vq2pq-lyrics	401-Gims-vq2pq
402	N°10	Booba	https://genius.com/Booba-n10-lyrics	402-Booba-n10
403	Andale	Sadek (Ft. Gradur)	https://genius.com/Sadek-andale-lyrics	403-Sadek-andale
404	Ryuk	PNL	https://genius.com/Pnl-ryuk-lyrics	404-Pnl-ryuk
405	Alunissons	Nekfeu	https://genius.com/Nekfeu-alunissons-lyrics	405-Nekfeu-alunissons
406	Bakel City Gang	Booba	https://genius.com/Booba-bakel-city-gang-lyrics	406-Booba-bakel-city-gang
407	93 mesures	Dinos	https://genius.com/Dinos-93-mesures-lyrics	407-Dinos-93-mesures
408	Explications des noms de rappeurs	Genius France	https://genius.com/Genius-france-explications-des-noms-de-rappeurs-annotated	408-Genius-france-explications-des-noms-de-rappeurs-annotated
409	Toka	Sofiane	https://genius.com/Sofiane-toka-lyrics	409-Sofiane-toka
410	Je t'aime	Vald	https://genius.com/Vald-je-taime-lyrics	410-Vald-je-taime
411	Christophe	OrelSan (Ft. GIMS)	https://genius.com/Orelsan-christophe-lyrics	411-Orelsan-christophe
412	Billy Cocaine	Django	https://genius.com/Django-billy-cocaine-lyrics	412-Django-billy-cocaine
413	Mona Lisa	Booba (Ft. JSX)	https://genius.com/Booba-mona-lisa-lyrics	413-Booba-mona-lisa
414	Tout oublier	Angèle (Ft. Roméo Elvis)	https://genius.com/Angele-tout-oublier-lyrics	414-Angele-tout-oublier
415	Megadose	Vald	https://genius.com/Vald-megadose-lyrics	415-Vald-megadose
416	À toi...	Mister You	https://genius.com/Mister-you-a-toi-lyrics	416-Mister-you-a-toi
417	Post Scriptum	Kery James	https://genius.com/Kery-james-post-scriptum-lyrics	417-Kery-james-post-scriptum
418	Meridian	Dave & Tiakola	https://genius.com/Dave-and-tiakola-meridian-lyrics	418-Dave-and-tiakola-meridian
419	Caramelo	Ninho	https://genius.com/Ninho-caramelo-lyrics	419-Ninho-caramelo
420	Petit frère	IAM	https://genius.com/Iam-petit-frere-lyrics	420-Iam-petit-frere
421	C'est pas bon	Abou Debeing (Ft. Dadju)	https://genius.com/Abou-debeing-cest-pas-bon-lyrics	421-Abou-debeing-cest-pas-bon
422	Jour de paye	Booba	https://genius.com/Booba-jour-de-paye-lyrics	422-Booba-jour-de-paye
423	On va le faire	S-Crew	https://genius.com/S-crew-on-va-le-faire-lyrics	423-S-crew-on-va-le-faire
424	Vrai de vrai*	Ninho	https://genius.com/Ninho-vrai-de-vrai-lyrics	424-Ninho-vrai-de-vrai
425	Coma artificiel	Hugo TSR	https://genius.com/Hugo-tsr-coma-artificiel-lyrics	425-Hugo-tsr-coma-artificiel
426	Humain à l’eau	Stromae	https://genius.com/Stromae-humain-a-leau-lyrics	426-Stromae-humain-a-leau
427	Terrasser	Gradur	https://genius.com/Gradur-terrasser-lyrics	427-Gradur-terrasser
428	Enfants terribles	Columbine	https://genius.com/Columbine-enfants-terribles-lyrics	428-Columbine-enfants-terribles
429	Sheguey 8 (Dani Alves)	Gradur	https://genius.com/Gradur-sheguey-8-dani-alves-lyrics	429-Gradur-sheguey-8-dani-alves
430	Laisse	PNL	https://genius.com/Pnl-laisse-lyrics	430-Pnl-laisse
431	5G	Booba	https://genius.com/Booba-5g-lyrics	431-Booba-5g
432	Terrain	Booba	https://genius.com/Booba-terrain-lyrics	432-Booba-terrain
433	Grande armée	Lacrim	https://genius.com/Lacrim-grande-armee-lyrics	433-Lacrim-grande-armee
434	Fentanyl	Freeze Corleone	https://genius.com/Freeze-corleone-fentanyl-lyrics	434-Freeze-corleone-fentanyl
435	Périscope	Damso	https://genius.com/Damso-periscope-lyrics	435-Damso-periscope
436	Point de départ	Hugo TSR	https://genius.com/Hugo-tsr-point-de-depart-lyrics	436-Hugo-tsr-point-de-depart
437	Paradis	Booba	https://genius.com/Booba-paradis-lyrics	437-Booba-paradis
438	La bise	Sadek (Ft. Brulux)	https://genius.com/Sadek-la-bise-lyrics	438-Sadek-la-bise
439	L'empire du côté obscur	IAM	https://genius.com/Iam-lempire-du-cote-obscur-lyrics	439-Iam-lempire-du-cote-obscur
440	Ma jolie	JuL	https://genius.com/Jul-ma-jolie-lyrics	440-Jul-ma-jolie
441	Emmène moi	Mister You (Ft. Nej')	https://genius.com/Mister-you-emmene-moi-lyrics	441-Mister-you-emmene-moi
442	Sibérie	PNL	https://genius.com/Pnl-siberie-lyrics	442-Pnl-siberie
443	Club	Lomepal	https://genius.com/Lomepal-club-lyrics	443-Lomepal-club
444	LIFE LIFE	Damso	https://genius.com/Damso-life-life-lyrics	444-Damso-life-life
445	Sale sonorité	Kalash Criminel	https://genius.com/Kalash-criminel-sale-sonorite-lyrics	445-Kalash-criminel-sale-sonorite
446	2PAC	Booba	https://genius.com/Booba-2pac-lyrics	446-Booba-2pac
447	Ma meilleure amie	Vald	https://genius.com/Vald-ma-meilleure-amie-lyrics	447-Vald-ma-meilleure-amie
448	Welcome to the party (freestyle)	Freeze Corleone	https://genius.com/Freeze-corleone-welcome-to-the-party-freestyle-lyrics	448-Freeze-corleone-welcome-to-the-party-freestyle
449	La fête des mères	La Fouine	https://genius.com/La-fouine-la-fete-des-meres-lyrics	449-La-fouine-la-fete-des-meres
450	Pocket Coffee	Lacrim	https://genius.com/Lacrim-pocket-coffee-lyrics	450-Lacrim-pocket-coffee
451	Bienvenue dans la Secte	La Secte Phonétik	https://genius.com/La-secte-phonetik-bienvenue-dans-la-secte-lyrics	451-La-secte-phonetik-bienvenue-dans-la-secte
452	Raelsan	OrelSan	https://genius.com/Orelsan-raelsan-lyrics	452-Orelsan-raelsan
453	La belle vie	Alonzo	https://genius.com/Alonzo-la-belle-vie-lyrics	453-Alonzo-la-belle-vie
454	Mal aimé	Nekfeu	https://genius.com/Nekfeu-mal-aime-lyrics	454-Nekfeu-mal-aime
455	Sur le sol	Lomepal	https://genius.com/Lomepal-sur-le-sol-lyrics	455-Lomepal-sur-le-sol
456	Double Poney	Booba	https://genius.com/Booba-double-poney-lyrics	456-Booba-double-poney
457	Taken	Kalash	https://genius.com/Kalash-taken-lyrics	457-Kalash-taken
458	Chen Laden	Freeze Corleone	https://genius.com/Freeze-corleone-chen-laden-lyrics	458-Freeze-corleone-chen-laden
459	Je bibi	Kaaris	https://genius.com/Kaaris-je-bibi-lyrics	459-Kaaris-je-bibi
460	La source	1995	https://genius.com/1995-la-source-lyrics	460-1995-la-source
461	Mon Glock te mettra à genoux	Lacrim	https://genius.com/Lacrim-mon-glock-te-mettra-a-genoux-lyrics	461-Lacrim-mon-glock-te-mettra-a-genoux
462	Ouloulou	Dabs	https://genius.com/Dabs-ouloulou-lyrics	462-Dabs-ouloulou
463	Écrire	Nekfeu	https://genius.com/Nekfeu-ecrire-lyrics	463-Nekfeu-ecrire
464	Toi sur moi	MZ	https://genius.com/Mz-toi-sur-moi-lyrics	464-Mz-toi-sur-moi
465	Le Horla	Nekfeu	https://genius.com/Nekfeu-le-horla-lyrics	465-Nekfeu-le-horla
466	PDM	Freeze Corleone (Ft. Alpha 5.20 & Shone)	https://genius.com/Freeze-corleone-pdm-lyrics	466-Freeze-corleone-pdm
467	Shavkat	Freeze Corleone	https://genius.com/Freeze-corleone-shavkat-lyrics	467-Freeze-corleone-shavkat
468	Zer	Booba (Ft. Benash & Siboy)	https://genius.com/Booba-zer-lyrics	468-Booba-zer
469	C'est la base	Kaaris (Ft. XVBARBAR)	https://genius.com/Kaaris-cest-la-base-lyrics	469-Kaaris-cest-la-base
470	Les amis	Lacrim (Ft. Léa Castel)	https://genius.com/Lacrim-les-amis-lyrics	470-Lacrim-les-amis
471	Le sang	JuL	https://genius.com/Jul-le-sang-lyrics	471-Jul-le-sang
472	Hit sale	Therapie TAXI (Ft. Roméo Elvis)	https://genius.com/Therapie-taxi-hit-sale-lyrics	472-Therapie-taxi-hit-sale
473	Afro Trap, Pt. 8 (Never)	MHD	https://genius.com/Mhd-afro-trap-pt-8-never-lyrics	473-Mhd-afro-trap-pt-8-never
474	Medellín	Niska	https://genius.com/Niska-medellin-lyrics	474-Niska-medellin
475	Plus haut	Alkpote (Ft. Vald)	https://genius.com/Alkpote-plus-haut-lyrics	475-Alkpote-plus-haut
476	Mama	JuL	https://genius.com/Jul-mama-lyrics	476-Jul-mama
477	Interlude	SCH	https://genius.com/Sch-interlude-lyrics	477-Sch-interlude
478	Solaar pleure	MC Solaar	https://genius.com/Mc-solaar-solaar-pleure-lyrics	478-Mc-solaar-solaar-pleure
479	Réflexions basses	Vald	https://genius.com/Vald-reflexions-basses-lyrics	479-Vald-reflexions-basses
480	Billet	Marwa Loud	https://genius.com/Marwa-loud-billet-lyrics	480-Marwa-loud-billet
481	Poutine	Lacrim	https://genius.com/Lacrim-poutine-lyrics	481-Lacrim-poutine
482	Bling Bling	Kaaris (Ft. Kalash Criminel & Sofiane)	https://genius.com/Kaaris-bling-bling-lyrics	482-Kaaris-bling-bling
483	7:77AM	Nekfeu (Ft. 86 Joon)	https://genius.com/Nekfeu-7-77am-lyrics	483-Nekfeu-7-77am
484	Je ne dirai rien	Black M (Ft. Doomams & The Shin Sekaï)	https://genius.com/Black-m-je-ne-dirai-rien-lyrics	484-Black-m-je-ne-dirai-rien
485	Tout va bien	OrelSan	https://genius.com/Orelsan-tout-va-bien-lyrics	485-Orelsan-tout-va-bien
486	J'vends	PNL	https://genius.com/Pnl-jvends-lyrics	486-Pnl-jvends
487	Gangsta	Bigflo & Oli	https://genius.com/Bigflo-and-oli-gangsta-lyrics	487-Bigflo-and-oli-gangsta
488	Ils sont jaloux	JuL (Ft. Bilk, Friz, Houari, Kamikaz & Veazy)	https://genius.com/Jul-ils-sont-jaloux-lyrics	488-Jul-ils-sont-jaloux
489	Discographie rap - 2022	Genius France	https://genius.com/Genius-france-discographie-rap-2022-annotated	489-Genius-france-discographie-rap-2022-annotated
490	Comme tu veux	DTF	https://genius.com/Dtf-comme-tu-veux-lyrics	490-Dtf-comme-tu-veux
491	Mové Lang	Booba (Ft. Bridjahting & Gato)	https://genius.com/Booba-move-lang-lyrics	491-Booba-move-lang
492	Maki Sall Music	Booba	https://genius.com/Booba-maki-sall-music-lyrics	492-Booba-maki-sall-music
493	Thank God	Rilès	https://genius.com/Riles-thank-god-lyrics	493-Riles-thank-god
494	Premier pas	Nekfeu	https://genius.com/Nekfeu-premier-pas-lyrics	494-Nekfeu-premier-pas
495	G-Love	Booba (Ft. Farruko)	https://genius.com/Booba-g-love-lyrics	495-Booba-g-love
496	Le bruit qui court	Nekfeu	https://genius.com/Nekfeu-le-bruit-qui-court-lyrics	496-Nekfeu-le-bruit-qui-court
497	Fendi	Ninho	https://genius.com/Ninho-fendi-lyrics	497-Ninho-fendi
498	Un Poco	Ninho	https://genius.com/Ninho-un-poco-lyrics	498-Ninho-un-poco
499	Discographie rap - 2023	Genius France	https://genius.com/Genius-france-discographie-rap-2023-annotated	499-Genius-france-discographie-rap-2023-annotated
500	Maghrébin	Hornet La Frappe	https://genius.com/Hornet-la-frappe-maghrebin-lyrics	500-Hornet-la-frappe-maghrebin
501	Κ. Kin la belle	Damso	https://genius.com/Damso-kin-la-belle-lyrics	501-Damso-kin-la-belle
502	Solides	SCH	https://genius.com/Sch-solides-lyrics	502-Sch-solides
503	Jeremy Lin	Freeze Corleone	https://genius.com/Freeze-corleone-jeremy-lin-lyrics	503-Freeze-corleone-jeremy-lin
504	C'est tout	Guizmo	https://genius.com/Guizmo-cest-tout-lyrics	504-Guizmo-cest-tout
505	Compte les hommes	Nekfeu (Ft. Alpha Wann)	https://genius.com/Nekfeu-compte-les-hommes-lyrics	505-Nekfeu-compte-les-hommes
506	Ken Kaneki	Nekfeu	https://genius.com/Nekfeu-ken-kaneki-lyrics	506-Nekfeu-ken-kaneki
507	Cellophané	Rim'K	https://genius.com/Rimk-cellophane-lyrics	507-Rimk-cellophane
508	X (Episode 10)	Sofiane	https://genius.com/Sofiane-x-episode-10-lyrics	508-Sofiane-x-episode-10
509	On fait pas ça	Lacrim (Ft. Lil Durk)	https://genius.com/Lacrim-on-fait-pas-ca-lyrics	509-Lacrim-on-fait-pas-ca
510	Marche	La Marche (Ft. Akhenaton, disiz, Dry, Jamel Debbouze, Kool Shen, Lino, Nekfeu, Nessbeal, Sadek, Sneazzy, Soprano, S.Pri Noir, Still Fresh & Taïro)	https://genius.com/La-marche-marche-lyrics	510-La-marche-marche
511	Putain d'époque	Dosseh (Ft. Nekfeu)	https://genius.com/Dosseh-putain-depoque-lyrics	511-Dosseh-putain-depoque
512	La petite voix	PNL	https://genius.com/Pnl-la-petite-voix-lyrics	512-Pnl-la-petite-voix
513	On est sur les nerfs	Ateyaba	https://genius.com/Ateyaba-on-est-sur-les-nerfs-lyrics	513-Ateyaba-on-est-sur-les-nerfs
514	Ne reviens pas	Gradur (Ft. Heuss L'enfoiré)	https://genius.com/Gradur-ne-reviens-pas-lyrics	514-Gradur-ne-reviens-pas
515	BXL ZOO	Damso (Ft. Hamza)	https://genius.com/Damso-bxl-zoo-lyrics	515-Damso-bxl-zoo
516	Space Jam	Mister V (Ft. Hayce Lemsi & Volts Face)	https://genius.com/Mister-v-space-jam-lyrics	516-Mister-v-space-jam
517	Le regard des gens	Nekfeu (Ft. 2zer, Doums, Mekra & Nemir)	https://genius.com/Nekfeu-le-regard-des-gens-lyrics	517-Nekfeu-le-regard-des-gens
518	Apocalypse 894	Stupeflip	https://genius.com/Stupeflip-apocalypse-894-lyrics	518-Stupeflip-apocalypse-894
519	Bulma	MMZ	https://genius.com/Mmz-bulma-lyrics	519-Mmz-bulma
520	93 Empire	Sofiane (Ft. Kalash Criminel)	https://genius.com/Sofiane-93-empire-lyrics	520-Sofiane-93-empire
521	D'où je viens tu connais	Lacrim	https://genius.com/Lacrim-dou-je-viens-tu-connais-lyrics	521-Lacrim-dou-je-viens-tu-connais
522	Sheguey 7 (On n'est pas tout seul)	Gradur (Ft. Ixzo)	https://genius.com/Gradur-sheguey-7-on-nest-pas-tout-seul-lyrics	522-Gradur-sheguey-7-on-nest-pas-tout-seul
523	Jamais	Gradur	https://genius.com/Gradur-jamais-lyrics	523-Gradur-jamais
524	Gericault	Lacrim	https://genius.com/Lacrim-gericault-lyrics	524-Lacrim-gericault
525	William	Damso	https://genius.com/Damso-william-lyrics	525-Damso-william
526	Noche	Lacrim (Ft. Damso)	https://genius.com/Lacrim-noche-lyrics	526-Lacrim-noche
527	Señora	JuL	https://genius.com/Jul-senora-lyrics	527-Jul-senora
528	Dans la soucoupe	PNL	https://genius.com/Pnl-dans-la-soucoupe-lyrics	528-Pnl-dans-la-soucoupe
529	CQFD	Damso	https://genius.com/Damso-cqfd-lyrics	529-Damso-cqfd
530	A Kele Nta	MHD	https://genius.com/Mhd-a-kele-nta-lyrics	530-Mhd-a-kele-nta
531	Encore des paroles	JuL (Ft. Julie Gonzalez)	https://genius.com/Jul-encore-des-paroles-lyrics	531-Jul-encore-des-paroles
532	Longueur d'avance	Booba (Ft. GIMS)	https://genius.com/Booba-longueur-davance-lyrics	532-Booba-longueur-davance
533	669 Part. 2	667 (Ft. Lyonzon)	https://genius.com/667-669-part-2-lyrics	533-667-669-part-2
534	Petit prince	Sadek	https://genius.com/Sadek-petit-prince-lyrics	534-Sadek-petit-prince
535	Nador	Kaaris	https://genius.com/Kaaris-nador-lyrics	535-Kaaris-nador
536	Ça marche	GIMS (Ft. The Shin Sekaï)	https://genius.com/Gims-ca-marche-lyrics	536-Gims-ca-marche
537	Trajectoire	Népal	https://genius.com/Nepal-trajectoire-lyrics	537-Nepal-trajectoire
538	Freestyle Couvre Feu / OKLM	Niska	https://genius.com/Niska-freestyle-couvre-feu-oklm-lyrics	538-Niska-freestyle-couvre-feu-oklm
539	Train de vie	Koba LaD	https://genius.com/Koba-lad-train-de-vie-lyrics	539-Koba-lad-train-de-vie
540	Π. VANTABLACK	Damso	https://genius.com/Damso-vantablack-lyrics	540-Damso-vantablack
541	Sheguey 6 (Soldat Mili)	Gradur	https://genius.com/Gradur-sheguey-6-soldat-mili-lyrics	541-Gradur-sheguey-6-soldat-mili
542	Jimmy Punchline	OrelSan	https://genius.com/Orelsan-jimmy-punchline-lyrics	542-Orelsan-jimmy-punchline
543	Arc-en-ciel	Booba	https://genius.com/Booba-arc-en-ciel-lyrics	543-Booba-arc-en-ciel
544	Bob Marley	Dadju	https://genius.com/Dadju-bob-marley-lyrics	544-Dadju-bob-marley
545	Destination Finale	Lartiste	https://genius.com/Lartiste-destination-finale-lyrics	545-Lartiste-destination-finale
546	Aime-moi demain	The Shin Sekaï (Ft. Gradur)	https://genius.com/The-shin-sekai-aime-moi-demain-lyrics	546-The-shin-sekai-aime-moi-demain
547	Extasy	Zola	https://genius.com/Zola-extasy-lyrics	547-Zola-extasy
548	Ils sont cools	OrelSan (Ft. Gringe)	https://genius.com/Orelsan-ils-sont-cools-lyrics	548-Orelsan-ils-sont-cools
549	Voyage léger	Nekfeu	https://genius.com/Nekfeu-voyage-leger-lyrics	549-Nekfeu-voyage-leger
550	Fume à fond	Lorenzo	https://genius.com/Lorenzo-fume-a-fond-lyrics	550-Lorenzo-fume-a-fond
551	Malade	JuL (Ft. Kalif Hardcore)	https://genius.com/Jul-malade-lyrics	551-Jul-malade
552	Introduction (Damso / Lithopédion)	Damso	https://genius.com/Damso-introduction-damso-lithopedion-lyrics	552-Damso-introduction-damso-lithopedion
553	GLAIVE	Booba	https://genius.com/Booba-glaive-lyrics	553-Booba-glaive
554	Tarkov	Freeze Corleone	https://genius.com/Freeze-corleone-tarkov-lyrics	554-Freeze-corleone-tarkov
555	Caracas	Booba	https://genius.com/Booba-caracas-lyrics	555-Booba-caracas
556	O.G.	Booba (Ft. Mala)	https://genius.com/Booba-og-lyrics	556-Booba-og
557	Benzema	Brulux	https://genius.com/Brulux-benzema-lyrics	557-Brulux-benzema
558	Billets verts	Booba	https://genius.com/Booba-billets-verts-lyrics	558-Booba-billets-verts
559	01h16 - Les putes et moi	Casseurs Flowters	https://genius.com/Casseurs-flowters-01h16-les-putes-et-moi-lyrics	559-Casseurs-flowters-01h16-les-putes-et-moi
560	Si seul	OrelSan	https://genius.com/Orelsan-si-seul-lyrics	560-Orelsan-si-seul
561	LE PIÈGE	Alpha Wann	https://genius.com/Alpha-wann-le-piege-lyrics	561-Alpha-wann-le-piege
562	Exutoire	Damso	https://genius.com/Damso-exutoire-lyrics	562-Damso-exutoire
563	On m'appelle l'ovni	JuL	https://genius.com/Jul-on-mappelle-lovni-lyrics	563-Jul-on-mappelle-lovni
564	Mama t'avais raison	Niro	https://genius.com/Niro-mama-tavais-raison-lyrics	564-Niro-mama-tavais-raison
565	Sharingan	GIMS (Ft. Insolent, OrelSan & The Shin Sekaï)	https://genius.com/Gims-sharingan-lyrics	565-Gims-sharingan
566	J’suis qu’un thug	Lacrim	https://genius.com/Lacrim-jsuis-quun-thug-lyrics	566-Lacrim-jsuis-quun-thug
567	Du sexe opposé	Nekfeu, Alpha Wann & Basement Beatzz	https://genius.com/Nekfeu-alpha-wann-and-basement-beatzz-du-sexe-oppose-lyrics	567-Nekfeu-alpha-wann-and-basement-beatzz-du-sexe-oppose
568	Déstabilisé	Djadja & Dinaz	https://genius.com/Djadja-and-dinaz-destabilise-lyrics	568-Djadja-and-dinaz-destabilise
569	Madrina	Maes (Ft. Booba)	https://genius.com/Maes-madrina-lyrics	569-Maes-madrina
570	Ma définition	Booba	https://genius.com/Booba-ma-definition-lyrics	570-Booba-ma-definition
571	Je suis	Bigflo & Oli	https://genius.com/Bigflo-and-oli-je-suis-lyrics	571-Bigflo-and-oli-je-suis
572	Pour deux âmes solitaires (Part. 1)	Luidji	https://genius.com/Luidji-pour-deux-ames-solitaires-part-1-lyrics	572-Luidji-pour-deux-ames-solitaires-part-1
573	J'ai déconné	KeBlack	https://genius.com/Keblack-jai-deconne-lyrics	573-Keblack-jai-deconne
574	K-Sos Musik	Rohff	https://genius.com/Rohff-k-sos-musik-lyrics	574-Rohff-k-sos-musik
575	La classe	JuL	https://genius.com/Jul-la-classe-lyrics	575-Jul-la-classe
576	Oblah	Gradur (Ft. Alonzo, MHD & Nyda)	https://genius.com/Gradur-oblah-lyrics	576-Gradur-oblah
577	Jimmy	Booba	https://genius.com/Booba-jimmy-lyrics	577-Booba-jimmy
578	Case départ	Team BS	https://genius.com/Team-bs-case-depart-lyrics	578-Team-bs-case-depart
579	2	Booba	https://genius.com/Booba-20-lyrics	579-Booba-20
580	Dolce Camara	Booba (Ft. SDM)	https://genius.com/Booba-dolce-camara-lyrics	580-Booba-dolce-camara
581	Tonton du bled	113	https://genius.com/113-tonton-du-bled-lyrics	581-113-tonton-du-bled
582	Recherche du bonheur	PNL	https://genius.com/Pnl-recherche-du-bonheur-lyrics	582-Pnl-recherche-du-bonheur
583	Mon frère	Lacrim	https://genius.com/Lacrim-mon-frere-lyrics	583-Lacrim-mon-frere
584	Au cœur du G	Nekfeu	https://genius.com/Nekfeu-au-cur-du-g-lyrics	584-Nekfeu-au-cur-du-g
585	Je pense à toi	Hornet La Frappe	https://genius.com/Hornet-la-frappe-je-pense-a-toi-lyrics	585-Hornet-la-frappe-je-pense-a-toi
586	Prodige du rap game (volume 2)	Gazouza Setif	https://genius.com/Gazouza-setif-prodige-du-rap-game-volume-2-lyrics	586-Gazouza-setif-prodige-du-rap-game-volume-2
587	S'il vous plait	Lacrim	https://genius.com/Lacrim-sil-vous-plait-lyrics	587-Lacrim-sil-vous-plait
588	911	Damso	https://genius.com/Damso-911-lyrics	588-Damso-911
589	Le bruit de mon âme	Kaaris	https://genius.com/Kaaris-le-bruit-de-mon-ame-lyrics	589-Kaaris-le-bruit-de-mon-ame
590	Aujourd'hui	Bigflo & Oli	https://genius.com/Bigflo-and-oli-aujourdhui-lyrics	590-Bigflo-and-oli-aujourdhui
591	Briganté	JuL	https://genius.com/Jul-brigante-lyrics	591-Jul-brigante
592	Malcolm	Ninho	https://genius.com/Ninho-malcolm-lyrics	592-Ninho-malcolm
593	J'reviens de loin	SCH	https://genius.com/Sch-jreviens-de-loin-lyrics	593-Sch-jreviens-de-loin
594	Le coup du patron	Dosseh, Ateyaba & Gradur	https://genius.com/Dosseh-ateyaba-and-gradur-le-coup-du-patron-lyrics	594-Dosseh-ateyaba-and-gradur-le-coup-du-patron
595	Fonceder	MZ	https://genius.com/Mz-fonceder-lyrics	595-Mz-fonceder
596	Demande moi	Still Fresh (Ft. S.Pri Noir)	https://genius.com/Still-fresh-demande-moi-lyrics	596-Still-fresh-demande-moi
597	4 Étoiles	Sultan (Ft. Rohff)	https://genius.com/Sultan-4-etoiles-lyrics	597-Sultan-4-etoiles
598	Binks to Binks Part. 1	Ninho	https://genius.com/Ninho-binks-to-binks-part-1-lyrics	598-Ninho-binks-to-binks-part-1
599	Pourquoi tu me fais le gros	JuL (Ft. Bilk, Friz, Houari, Kalif Hardcore, Kamikaz, Soso Maness & Veazy)	https://genius.com/Jul-pourquoi-tu-me-fais-le-gros-lyrics	599-Jul-pourquoi-tu-me-fais-le-gros
600	Loin des hommes	PNL	https://genius.com/Pnl-loin-des-hommes-lyrics	600-Pnl-loin-des-hommes
601	Dès le départ	Kaaris	https://genius.com/Kaaris-des-le-depart-lyrics	601-Kaaris-des-le-depart
602	Le Duc de Boulogne	Booba	https://genius.com/Booba-le-duc-de-boulogne-lyrics	602-Booba-le-duc-de-boulogne
603	Résidus	Vald	https://genius.com/Vald-residus-lyrics	603-Vald-residus
604	Mon pays	Booba	https://genius.com/Booba-mon-pays-lyrics	604-Booba-mon-pays
605	Favela	Naps (Ft. Soolking)	https://genius.com/Naps-favela-lyrics	605-Naps-favela
606	Killer	Booba	https://genius.com/Booba-killer-lyrics	606-Booba-killer
607	Λ. Lové	Damso	https://genius.com/Damso-love-lyrics	607-Damso-love
608	Sacrifice de Masse, Pt. 2	Osirus Jack (Ft. Freeze Corleone)	https://genius.com/Osirus-jack-sacrifice-de-masse-pt-2-lyrics	608-Osirus-jack-sacrifice-de-masse-pt-2
609	T'es pas le seul	JuL (Ft. Kamikaz)	https://genius.com/Jul-tes-pas-le-seul-lyrics	609-Jul-tes-pas-le-seul
610	Besoin de sens	Nekfeu (Ft. Framal & Jazzy Bazz)	https://genius.com/Nekfeu-besoin-de-sens-lyrics	610-Nekfeu-besoin-de-sens
611	MAC 11	SCH	https://genius.com/Sch-mac-11-lyrics	611-Sch-mac-11
612	Casa de papel	SKG	https://genius.com/Skg-casa-de-papel-lyrics	612-Skg-casa-de-papel
613	Saint-Valentin	OrelSan (Ft. Gringe)	https://genius.com/Orelsan-saint-valentin-lyrics	613-Orelsan-saint-valentin
614	Centurion	Booba	https://genius.com/Booba-centurion-lyrics	614-Booba-centurion
615	Bienvenue à la Banane	Moha La Squale	https://genius.com/Moha-la-squale-bienvenue-a-la-banane-lyrics	615-Moha-la-squale-bienvenue-a-la-banane
616	Papa Allo	Alonzo	https://genius.com/Alonzo-papa-allo-lyrics	616-Alonzo-papa-allo
617	Barbade	Lacrim	https://genius.com/Lacrim-barbade-lyrics	617-Lacrim-barbade
618	Coucou	JuL	https://genius.com/Jul-coucou-lyrics	618-Jul-coucou
619	J'voulais	Mister You (Ft. Brulux)	https://genius.com/Mister-you-jvoulais-lyrics	619-Mister-you-jvoulais
620	Normal	Guizmo	https://genius.com/Guizmo-normal-lyrics	620-Guizmo-normal
621	J’ai mal	Lacrim	https://genius.com/Lacrim-jai-mal-lyrics	621-Lacrim-jai-mal
622	Love d'un voyou	Fababy (Ft. Aya Nakamura)	https://genius.com/Fababy-love-dun-voyou-lyrics	622-Fababy-love-dun-voyou
623	Pour deux âmes solitaires (Part. 2)	Luidji	https://genius.com/Luidji-pour-deux-ames-solitaires-part-2-lyrics	623-Luidji-pour-deux-ames-solitaires-part-2
624	1.8.7	Booba (Ft. Rick Ross)	https://genius.com/Booba-187-lyrics	624-Booba-187
625	Ma 6t a craqué	KPoint (Ft. Ninho)	https://genius.com/Kpoint-ma-6t-a-craque-lyrics	625-Kpoint-ma-6t-a-craque
626	Django	Dadju (Ft. Franglish)	https://genius.com/Dadju-django-lyrics	626-Dadju-django
627	BB	Booba	https://genius.com/Booba-bb-lyrics	627-Booba-bb
628	Musique nègre	Kery James (Ft. Lino & Youssoupha)	https://genius.com/Kery-james-musique-negre-lyrics	628-Kery-james-musique-negre
629	God Bless	Hamza (Ft. Damso)	https://genius.com/Hamza-god-bless-lyrics	629-Hamza-god-bless
630	Scellé Part. 2	Freeze Corleone (Ft. ASHE 22)	https://genius.com/Freeze-corleone-scelle-part-2-lyrics	630-Freeze-corleone-scelle-part-2
631	Helsinki	Dinos	https://genius.com/Dinos-helsinki-lyrics	631-Dinos-helsinki
632	Polémiquement incorrect	El Matador	https://genius.com/El-matador-polemiquement-incorrect-lyrics	632-El-matador-polemiquement-incorrect
633	Millions	SCH	https://genius.com/Sch-millions-lyrics	633-Sch-millions
634	Koala mouillé	Nekfeu	https://genius.com/Nekfeu-koala-mouille-lyrics	634-Nekfeu-koala-mouille
635	QuedelaVie	Damso	https://genius.com/Damso-quedelavie-lyrics	635-Damso-quedelavie
636	#B3	RK	https://genius.com/Rk-b3-lyrics	636-Rk-b3
637	Η. Gova	Damso	https://genius.com/Damso-gova-lyrics	637-Damso-gova
638	L'amour	Youssoupha	https://genius.com/Youssoupha-lamour-lyrics	638-Youssoupha-lamour
639	Héra	Georgio	https://genius.com/Georgio-hera-lyrics	639-Georgio-hera
640	10 12 14 Bureau	Kalash Criminel	https://genius.com/Kalash-criminel-10-12-14-bureau-lyrics	640-Kalash-criminel-10-12-14-bureau
641	Je t'aime moi non plus (#JTMNP)	Hayce Lemsi	https://genius.com/Hayce-lemsi-je-taime-moi-non-plus-jtmnp-lyrics	641-Hayce-lemsi-je-taime-moi-non-plus-jtmnp
642	Distant	Maes (Ft. Ninho)	https://genius.com/Maes-distant-lyrics	642-Maes-distant
643	La chute	GIMS	https://genius.com/Gims-la-chute-lyrics	643-Gims-la-chute
644	Talion	Booba	https://genius.com/Booba-talion-lyrics	644-Booba-talion
645	Brasse au max	Lacrim	https://genius.com/Lacrim-brasse-au-max-lyrics	645-Lacrim-brasse-au-max
646	Vinyle	Nekfeu (Ft. Alpha Wann)	https://genius.com/Nekfeu-vinyle-lyrics	646-Nekfeu-vinyle
647	Luca Brasi	Lacrim	https://genius.com/Lacrim-luca-brasi-lyrics	647-Lacrim-luca-brasi
648	L'enfer c'est les autres	Youssoupha	https://genius.com/Youssoupha-lenfer-cest-les-autres-lyrics	648-Youssoupha-lenfer-cest-les-autres
649	Colonel Carrillo	Lacrim	https://genius.com/Lacrim-colonel-carrillo-lyrics	649-Lacrim-colonel-carrillo
650	El Dorado	Hamza (Ft. Ramriddlz)	https://genius.com/Hamza-el-dorado-lyrics	650-Hamza-el-dorado
651	CŒUR EN MIETTES	Damso (Ft. Lous and The Yakuza)	https://genius.com/Damso-cur-en-miettes-lyrics	651-Damso-cur-en-miettes
652	Pas de manières	SCH (Ft. Lapso Laps & Sadek)	https://genius.com/Sch-pas-de-manieres-lyrics	652-Sch-pas-de-manieres
653	BROTHERS	Rilès	https://genius.com/Riles-brothers-lyrics	653-Riles-brothers
654	15h02 - Regarde comme il fait beau (dehors)	Casseurs Flowters (Ft. Izia)	https://genius.com/Casseurs-flowters-15h02-regarde-comme-il-fait-beau-dehors-lyrics	654-Casseurs-flowters-15h02-regarde-comme-il-fait-beau-dehors
655	Elle est bonne sa mère	Vegedream (Ft. Ninho)	https://genius.com/Vegedream-elle-est-bonne-sa-mere-lyrics	655-Vegedream-elle-est-bonne-sa-mere
656	Ultra	Booba	https://genius.com/Booba-ultra-lyrics	656-Booba-ultra
657	À la folie	Booba	https://genius.com/Booba-a-la-folie-lyrics	657-Booba-a-la-folie
658	La fête est finie	OrelSan	https://genius.com/Orelsan-la-fete-est-finie-lyrics	658-Orelsan-la-fete-est-finie
659	Dom Pérignon	Columbine	https://genius.com/Columbine-dom-perignon-lyrics	659-Columbine-dom-perignon
660	POPOPOP	Gambi	https://genius.com/Gambi-popopop-lyrics	660-Gambi-popopop
661	Si j'étais un homme	Chilla	https://genius.com/Chilla-si-jetais-un-homme-lyrics	661-Chilla-si-jetais-un-homme
662	Si facile	Casseurs Flowters	https://genius.com/Casseurs-flowters-si-facile-lyrics	662-Casseurs-flowters-si-facile
663	J't'emmerde	MC Jean Gab'1	https://genius.com/Mc-jean-gab1-jtemmerde-lyrics	663-Mc-jean-gab1-jtemmerde
664	Tant pis	Dry (Ft. Dadju)	https://genius.com/Dry-tant-pis-lyrics	664-Dry-tant-pis
665	Électron libre	Hayce Lemsi	https://genius.com/Hayce-lemsi-electron-libre-lyrics	665-Hayce-lemsi-electron-libre
666	Si c'était le dernier	Diam's	https://genius.com/Diams-si-cetait-le-dernier-lyrics	666-Diams-si-cetait-le-dernier
667	Pas l'temps pour les regrets	Lunatic	https://genius.com/Lunatic-pas-ltemps-pour-les-regrets-lyrics	667-Lunatic-pas-ltemps-pour-les-regrets
668	Ti amo t’es à moi	Rohff (Ft. Amel Bent)	https://genius.com/Rohff-ti-amo-tes-a-moi-lyrics	668-Rohff-ti-amo-tes-a-moi
669	Petrouchka	Soso Maness (Ft. PLK)	https://genius.com/Soso-maness-petrouchka-lyrics	669-Soso-maness-petrouchka
670	Mercé (Qu'est-ce qui se passe ?)	JuL (Ft. Benjamin Mendy & Mehdi YZ)	https://genius.com/Jul-merce-quest-ce-qui-se-passe-lyrics	670-Jul-merce-quest-ce-qui-se-passe
671	Où sont tes potos	Niro	https://genius.com/Niro-ou-sont-tes-potos-lyrics	671-Niro-ou-sont-tes-potos
672	Pars avec moi	Nekfeu (Ft. 1995)	https://genius.com/Nekfeu-pars-avec-moi-lyrics	672-Nekfeu-pars-avec-moi
673	Un jour peut-être	Mac Tyer	https://genius.com/Mac-tyer-un-jour-peut-etre-lyrics	673-Mac-tyer-un-jour-peut-etre
674	Mal luné	Ninho	https://genius.com/Ninho-mal-lune-lyrics	674-Ninho-mal-lune
675	Elle en avait envie	Nekfeu	https://genius.com/Nekfeu-elle-en-avait-envie-lyrics	675-Nekfeu-elle-en-avait-envie
676	Billets violets	Booba	https://genius.com/Booba-billets-violets-lyrics	676-Booba-billets-violets
677	Lundi	Sofiane	https://genius.com/Sofiane-lundi-lyrics	677-Sofiane-lundi
678	Cache-Cache	Columbine	https://genius.com/Columbine-cache-cache-lyrics	678-Columbine-cache-cache
679	M.L.C	Niska (Ft. Booba)	https://genius.com/Niska-mlc-lyrics	679-Niska-mlc
680	Moins un	Dinos (Ft. Nekfeu)	https://genius.com/Dinos-moins-un-lyrics	680-Dinos-moins-un
681	Je la connais	SCH	https://genius.com/Sch-je-la-connais-lyrics	681-Sch-je-la-connais
682	Tout ira mieux	Ninho	https://genius.com/Ninho-tout-ira-mieux-lyrics	682-Ninho-tout-ira-mieux
683	Majeur En L'Air	Ateyaba	https://genius.com/Ateyaba-majeur-en-lair-lyrics	683-Ateyaba-majeur-en-lair
684	Œveillé	Damso	https://genius.com/Damso-veille-lyrics	684-Damso-veille
685	One Shot	GIMS (Ft. Dry)	https://genius.com/Gims-one-shot-lyrics	685-Gims-one-shot
686	L'enfant seul	Oxmo Puccino	https://genius.com/Oxmo-puccino-lenfant-seul-lyrics	686-Oxmo-puccino-lenfant-seul
687	Sablier	Lacrim	https://genius.com/Lacrim-sablier-lyrics	687-Lacrim-sablier
688	Discographie rap - 2021	Genius France	https://genius.com/Genius-france-discographie-rap-2021-annotated	688-Genius-france-discographie-rap-2021-annotated
689	La fusée	JuL	https://genius.com/Jul-la-fusee-lyrics	689-Jul-la-fusee
690	Palpal	Lomepal	https://genius.com/Lomepal-palpal-lyrics	690-Lomepal-palpal
691	Zipette	Ninho	https://genius.com/Ninho-zipette-lyrics	691-Ninho-zipette
692	Boyz N The Hood	Kaaris	https://genius.com/Kaaris-boyz-n-the-hood-lyrics	692-Kaaris-boyz-n-the-hood
693	Promo	Ninho (Ft. Damso)	https://genius.com/Ninho-promo-lyrics	693-Ninho-promo
694	Bouyon	Booba (Ft. Gato)	https://genius.com/Booba-bouyon-lyrics	694-Booba-bouyon
695	Heisenberg	Sadek	https://genius.com/Sadek-heisenberg-lyrics	695-Sadek-heisenberg
696	LRH	Freeze Corleone	https://genius.com/Freeze-corleone-lrh-lyrics	696-Freeze-corleone-lrh
697	M.I.L.S	Ninho	https://genius.com/Ninho-mils-lyrics	697-Ninho-mils
698	Mon amour	disiz	https://genius.com/Disiz-mon-amour-lyrics	698-Disiz-mon-amour
699	La vraie vie	Bigflo & Oli	https://genius.com/Bigflo-and-oli-la-vraie-vie-lyrics	699-Bigflo-and-oli-la-vraie-vie
700	Rien d’spécial	Népal	https://genius.com/Nepal-rien-dspecial-lyrics	700-Nepal-rien-dspecial
701	Charlie Delta Charlie (Freestyle)	Niska	https://genius.com/Niska-charlie-delta-charlie-freestyle-lyrics	701-Niska-charlie-delta-charlie-freestyle
702	La mort ou TchiTchi	Niro (Ft. Kaaris)	https://genius.com/Niro-la-mort-ou-tchitchi-lyrics	702-Niro-la-mort-ou-tchitchi
703	Lady	JuL	https://genius.com/Jul-lady-lyrics	703-Jul-lady
704	Pas de remède	Kaaris	https://genius.com/Kaaris-pas-de-remede-lyrics	704-Kaaris-pas-de-remede
705	MEVTR	Damso	https://genius.com/Damso-mevtr-lyrics	705-Damso-mevtr
706	Noir meilleur	Damso	https://genius.com/Damso-noir-meilleur-lyrics	706-Damso-noir-meilleur
707	Namek	Dinos	https://genius.com/Dinos-namek-lyrics	707-Dinos-namek
708	Laisse pas traîner ton fils	Ninho (Ft. Sofiane)	https://genius.com/Ninho-laisse-pas-trainer-ton-fils-lyrics	708-Ninho-laisse-pas-trainer-ton-fils
709	C'est pas un film	S-Crew	https://genius.com/S-crew-cest-pas-un-film-lyrics	709-S-crew-cest-pas-un-film
710	Jason Bourne	Django	https://genius.com/Django-jason-bourne-lyrics	710-Django-jason-bourne
711	Comme prévu	Ninho	https://genius.com/Ninho-comme-prevu-lyrics	711-Ninho-comme-prevu
712	MW2	Freeze Corleone	https://genius.com/Freeze-corleone-mw2-lyrics	712-Freeze-corleone-mw2
713	3Arbi Fi Bérize	Mister You (Ft. Apoka & Balti - بلطي)	https://genius.com/Mister-you-3arbi-fi-berize-lyrics	713-Mister-you-3arbi-fi-berize
714	Poupée russe	SCH	https://genius.com/Sch-poupee-russe-lyrics	714-Sch-poupee-russe
715	Pour nous	Ninho	https://genius.com/Ninho-pour-nous-lyrics	715-Ninho-pour-nous
716	Nés sous la même étoile	IAM	https://genius.com/Iam-nes-sous-la-meme-etoile-lyrics	716-Iam-nes-sous-la-meme-etoile
717	Fiers de nous	Niro	https://genius.com/Niro-fiers-de-nous-lyrics	717-Niro-fiers-de-nous
718	Du disque dur au disque d'or	Bigflo & Oli	https://genius.com/Bigflo-and-oli-du-disque-dur-au-disque-dor-lyrics	718-Bigflo-and-oli-du-disque-dur-au-disque-dor
719	Tout c'que j'ai	Booba	https://genius.com/Booba-tout-cque-jai-lyrics	719-Booba-tout-cque-jai
720	- 75 degrés	Sexion d'Assaut	https://genius.com/Sexion-dassaut-75-degres-lyrics	720-Sexion-dassaut-75-degres
721	Crystal	Kaaris (Ft. Future)	https://genius.com/Kaaris-crystal-lyrics	721-Kaaris-crystal
722	Fenêtre sur rue	Hugo TSR	https://genius.com/Hugo-tsr-fenetre-sur-rue-lyrics	722-Hugo-tsr-fenetre-sur-rue
723	Selfie	Vald	https://genius.com/Vald-selfie-lyrics	723-Vald-selfie
724	Rêves de gosse	SCH	https://genius.com/Sch-reves-de-gosse-lyrics	724-Sch-reves-de-gosse
725	Corazón	GIMS (Ft. French Montana & Lil Wayne)	https://genius.com/Gims-corazon-lyrics	725-Gims-corazon
726	Épuisé	GIMS	https://genius.com/Gims-epuise-lyrics	726-Gims-epuise
727	Habibi	Booba	https://genius.com/Booba-habibi-lyrics	727-Booba-habibi
728	R9R-LINE	Laylow (Ft. Damso)	https://genius.com/Laylow-r9r-line-lyrics	728-Laylow-r9r-line
729	10'	Laylow	https://genius.com/Laylow-10-lyrics	729-Laylow-10
730	L'enfoiré	Heuss L'enfoiré	https://genius.com/Heuss-lenfoire-lenfoire-lyrics	730-Heuss-lenfoire-lenfoire
731	Médicament	Niska (Ft. Booba)	https://genius.com/Niska-medicament-lyrics	731-Niska-medicament
732	La Tempête	Bigflo & Oli	https://genius.com/Bigflo-and-oli-la-tempete-lyrics	732-Bigflo-and-oli-la-tempete
733	Vai & Viens	Lartiste	https://genius.com/Lartiste-vai-and-viens-lyrics	733-Lartiste-vai-and-viens
734	Tu rêves	Deen Burbigo (Ft. Nekfeu)	https://genius.com/Deen-burbigo-tu-reves-lyrics	734-Deen-burbigo-tu-reves
735	Jalousie	La Fouine (Ft. Fababy, Leck & Six)	https://genius.com/La-fouine-jalousie-lyrics	735-La-fouine-jalousie
736	KONGOLESE SOUS BBL	Theodora	https://genius.com/Theodora-kongolese-sous-bbl-lyrics	736-Theodora-kongolese-sous-bbl
737	Obligés de prendre	PNL	https://genius.com/Pnl-obliges-de-prendre-lyrics	737-Pnl-obliges-de-prendre
738	Problèmes d'adultes	Sexion d'Assaut	https://genius.com/Sexion-dassaut-problemes-dadultes-lyrics	738-Sexion-dassaut-problemes-dadultes
739	Dans ta réssoi	Nekfeu (Ft. Alpha Wann)	https://genius.com/Nekfeu-dans-ta-ressoi-lyrics	739-Nekfeu-dans-ta-ressoi
740	Éternité	Jazzy Bazz (Ft. Nekfeu)	https://genius.com/Jazzy-bazz-eternite-lyrics	740-Jazzy-bazz-eternite
741	Hola Señorita	GIMS (Ft. Maluma)	https://genius.com/Gims-hola-senorita-lyrics	741-Gims-hola-senorita
742	Discographie rap - 2020	Genius France	https://genius.com/Genius-france-discographie-rap-2020-annotated	742-Genius-france-discographie-rap-2020-annotated
743	Trophée	Vald	https://genius.com/Vald-trophee-lyrics	743-Vald-trophee
744	3.5.7	MZ	https://genius.com/Mz-357-lyrics	744-Mz-357
745	Sauvagerie #2	Kalash Criminel	https://genius.com/Kalash-criminel-sauvagerie-2-lyrics	745-Kalash-criminel-sauvagerie-2
746	Naïf	Niro	https://genius.com/Niro-naif-lyrics	746-Niro-naif
747	À l'heure où je me couche	Casseurs Flowters	https://genius.com/Casseurs-flowters-a-lheure-ou-je-me-couche-lyrics	747-Casseurs-flowters-a-lheure-ou-je-me-couche
748	La boulette (Génération nan nan)	Diam's	https://genius.com/Diams-la-boulette-generation-nan-nan-lyrics	748-Diams-la-boulette-generation-nan-nan
749	Normal	Alonzo (Ft. JuL)	https://genius.com/Alonzo-normal-lyrics	749-Alonzo-normal
750	Elle et l'autre	JuL	https://genius.com/Jul-elle-et-lautre-lyrics	750-Jul-elle-et-lautre
751	Clash Planète Rap	Sinik (Ft. Gaïden)	https://genius.com/Sinik-clash-planete-rap-lyrics	751-Sinik-clash-planete-rap
752	Contre nous	Kery James (Ft. Médine & Youssoupha)	https://genius.com/Kery-james-contre-nous-lyrics	752-Kery-james-contre-nous
753	Djomb (Bien ou quoi)	Bosh	https://genius.com/Bosh-djomb-bien-ou-quoi-lyrics	753-Bosh-djomb-bien-ou-quoi
754	Luna	Moha La Squale	https://genius.com/Moha-la-squale-luna-lyrics	754-Moha-la-squale-luna
755	Amour X	Niska	https://genius.com/Niska-amour-x-lyrics	755-Niska-amour-x
756	Money	Ninho (Ft. Faouzia)	https://genius.com/Ninho-money-lyrics	756-Ninho-money
757	Rolex	Booba (Ft. Gato)	https://genius.com/Booba-rolex-lyrics	757-Booba-rolex
758	Au bout des rêves	Booba (Ft. Mister Rudie & Trade Union)	https://genius.com/Booba-au-bout-des-reves-lyrics	758-Booba-au-bout-des-reves
759	Υ. 2 DIAMANTS	Damso	https://genius.com/Damso-2-diamants-lyrics	759-Damso-2-diamants
760	Oubliez-moi	JuL	https://genius.com/Jul-oubliez-moi-lyrics	760-Jul-oubliez-moi
761	Jeux vidéo et débats	Nekfeu	https://genius.com/Nekfeu-jeux-video-et-debats-lyrics	761-Nekfeu-jeux-video-et-debats
762	This is 1995	Nekfeu	https://genius.com/Nekfeu-this-is-1995-lyrics	762-Nekfeu-this-is-1995
763	Ψ. PASSION	Damso	https://genius.com/Damso-passion-lyrics	763-Damso-passion
764	Sombre	Kaaris	https://genius.com/Kaaris-sombre-lyrics	764-Kaaris-sombre
765	Intocable	Lacrim (Ft. Mister You)	https://genius.com/Lacrim-intocable-lyrics	765-Lacrim-intocable
766	Solo	Dosseh	https://genius.com/Dosseh-solo-lyrics	766-Dosseh-solo
767	Mise à flow	Davodka (Ft. Cenza)	https://genius.com/Davodka-mise-a-flow-lyrics	767-Davodka-mise-a-flow
768	1000°C	Lomepal (Ft. Roméo Elvis)	https://genius.com/Lomepal-1000c-lyrics	768-Lomepal-1000c
769	Crystal Lake	Luv Resval (Ft. Freeze Corleone)	https://genius.com/Luv-resval-crystal-lake-lyrics	769-Luv-resval-crystal-lake
770	Ι. Peur d'être père	Damso (Ft. Youri Botterman)	https://genius.com/Damso-peur-detre-pere-lyrics	770-Damso-peur-detre-pere
771	Freestyle N°1	Miklo	https://genius.com/Miklo-freestyle-n1-lyrics	771-Miklo-freestyle-n1
772	Bébé	MHD (Ft. Dadju)	https://genius.com/Mhd-bebe-lyrics	772-Mhd-bebe
773	18h30 - Bloqué	Casseurs Flowters	https://genius.com/Casseurs-flowters-18h30-bloque-lyrics	773-Casseurs-flowters-18h30-bloque
774	Billets verts	Maes	https://genius.com/Maes-billets-verts-lyrics	774-Maes-billets-verts
775	Le temps d’un instant	Psy 4 de la Rime	https://genius.com/Psy-4-de-la-rime-le-temps-dun-instant-lyrics	775-Psy-4-de-la-rime-le-temps-dun-instant
776	Menace de mort	Youssoupha (Ft. Aketo, Ekoué, Monsieur R & Tunisiano)	https://genius.com/Youssoupha-menace-de-mort-lyrics	776-Youssoupha-menace-de-mort
777	Bonnie & Clyde	Lacrim (Ft. Kayna Samet)	https://genius.com/Lacrim-bonnie-and-clyde-lyrics	777-Lacrim-bonnie-and-clyde
778	Oz	Lacrim	https://genius.com/Lacrim-oz-lyrics	778-Lacrim-oz
779	Top Album	Mister V	https://genius.com/Mister-v-top-album-lyrics	779-Mister-v-top-album
780	Madre Mia	Sadek (Ft. Ninho)	https://genius.com/Sadek-madre-mia-lyrics	780-Sadek-madre-mia
781	Rappel	Vald	https://genius.com/Vald-rappel-lyrics	781-Vald-rappel
782	Si tu savais	L'Algérino	https://genius.com/Lalgerino-si-tu-savais-lyrics	782-Lalgerino-si-tu-savais
783	La terre est ronde	OrelSan	https://genius.com/Orelsan-la-terre-est-ronde-lyrics	783-Orelsan-la-terre-est-ronde
784	Grünt #45	Grünt (Ft. Luv Resval)	https://genius.com/Grunt-grunt-45-lyrics	784-Grunt-grunt-45
785	Bellucci	Booba (Ft. Future)	https://genius.com/Booba-bellucci-lyrics	785-Booba-bellucci
786	Samuraï	Shurik'n	https://genius.com/Shurikn-samurai-lyrics	786-Shurikn-samurai
787	Intro (M.I.L.S 3)	Ninho	https://genius.com/Ninho-intro-mils-3-lyrics	787-Ninho-intro-mils-3
788	Fais-moi un Vie	Damso	https://genius.com/Damso-fais-moi-un-vie-lyrics	788-Damso-fais-moi-un-vie
789	Manger	Zola	https://genius.com/Zola-manger-lyrics	789-Zola-manger
790	BPM	Damso	https://genius.com/Damso-bpm-lyrics	790-Damso-bpm
791	Hypocrite	Lartiste	https://genius.com/Lartiste-hypocrite-lyrics	791-Lartiste-hypocrite
792	Déconnectés	DJ Hamida (Ft. Kayna Samet, Lartiste & Rim'K)	https://genius.com/Dj-hamida-deconnectes-lyrics	792-Dj-hamida-deconnectes
793	Mi Amigo	Soolking	https://genius.com/Soolking-mi-amigo-lyrics	793-Soolking-mi-amigo
794	Ma couleur	Booba	https://genius.com/Booba-ma-couleur-lyrics	794-Booba-ma-couleur
795	Madara	Freeze Corleone	https://genius.com/Freeze-corleone-madara-lyrics	795-Freeze-corleone-madara
796	Wati by Night	Sexion d'Assaut (Ft. Dry)	https://genius.com/Sexion-dassaut-wati-by-night-lyrics	796-Sexion-dassaut-wati-by-night
797	Dragon	Vald (Ft. Sofiane)	https://genius.com/Vald-dragon-lyrics	797-Vald-dragon
798	Danse	Lomepal (Ft. Lost (FRA))	https://genius.com/Lomepal-danse-lyrics	798-Lomepal-danse
799	Mula	Siboy (Ft. Booba)	https://genius.com/Siboy-mula-lyrics	799-Siboy-mula
800	T'es juste ma pote	Guizmo	https://genius.com/Guizmo-tes-juste-ma-pote-lyrics	800-Guizmo-tes-juste-ma-pote
801	Fuck le 17	13 Block	https://genius.com/13-block-fuck-le-17-lyrics	801-13-block-fuck-le-17
802	Carton rouge	Lorenzo	https://genius.com/Lorenzo-carton-rouge-lyrics	802-Lorenzo-carton-rouge
803	Bruxelles arrive	Roméo Elvis (Ft. Caballero)	https://genius.com/Romeo-elvis-bruxelles-arrive-lyrics	803-Romeo-elvis-bruxelles-arrive
804	Bando	Kalash	https://genius.com/Kalash-bando-lyrics	804-Kalash-bando
805	Sans repères	Sniper	https://genius.com/Sniper-sans-reperes-lyrics	805-Sniper-sans-reperes
806	Discographie rap - 2024	Genius France	https://genius.com/Genius-france-discographie-rap-2024-annotated	806-Genius-france-discographie-rap-2024-annotated
807	Anti-BDH	JuL	https://genius.com/Jul-anti-bdh-lyrics	807-Jul-anti-bdh
808	Roro	Ninho	https://genius.com/Ninho-roro-lyrics	808-Ninho-roro
809	Si tu kiffes pas...	Lunatic	https://genius.com/Lunatic-si-tu-kiffes-pas-lyrics	809-Lunatic-si-tu-kiffes-pas
810	12ème Lettre	Lino	https://genius.com/Lino-12eme-lettre-lyrics	810-Lino-12eme-lettre
811	De l'ombre à la lumière	Hayce Lemsi (Ft. Volts Face)	https://genius.com/Hayce-lemsi-de-lombre-a-la-lumiere-lyrics	811-Hayce-lemsi-de-lombre-a-la-lumiere
812	Pour ceux	Mafia K'1 Fry	https://genius.com/Mafia-k1-fry-pour-ceux-lyrics	812-Mafia-k1-fry-pour-ceux
813	Revolver Freestyle	Tedua (Ft. Coyote Jo Bastard, Izi, Rkomi & Sfera Ebbasta)	https://genius.com/Tedua-revolver-freestyle-lyrics	813-Tedua-revolver-freestyle
814	INTERNATIONAL GANGSTAS	Farid Bang (Ft. 6ix9ine, CAPO & SCH)	https://genius.com/Farid-bang-international-gangstas-lyrics	814-Farid-bang-international-gangstas
815	Tristi	Lacrim (Ft. Ghali)	https://genius.com/Lacrim-tristi-lyrics	815-Lacrim-tristi
816	Banlieusards	Kery James	https://genius.com/Kery-james-banlieusards-lyrics	816-Kery-james-banlieusards
817	Nek le Fenek	Nekfeu	https://genius.com/Nekfeu-nek-le-fenek-lyrics	817-Nekfeu-nek-le-fenek
818	Un homme et un microphone N°2	Nekfeu	https://genius.com/Nekfeu-un-homme-et-un-microphone-n2-lyrics	818-Nekfeu-un-homme-et-un-microphone-n2
819	Melrose Place	Sexion d'Assaut (Ft. L.I.O. Petrodollars)	https://genius.com/Sexion-dassaut-melrose-place-lyrics	819-Sexion-dassaut-melrose-place
820	Mme Pavoshko	Black M	https://genius.com/Black-m-mme-pavoshko-lyrics	820-Black-m-mme-pavoshko
821	Les 16 vérités	Sinik (Ft. Médine)	https://genius.com/Sinik-les-16-verites-lyrics	821-Sinik-les-16-verites
822	7 sur 7	Koba LaD (Ft. Freeze Corleone)	https://genius.com/Koba-lad-7-sur-7-lyrics	822-Koba-lad-7-sur-7
823	Harajuku	Ateyaba	https://genius.com/Ateyaba-harajuku-lyrics	823-Ateyaba-harajuku
824	Les meilleurs	Booba (Ft. 40000 Gang)	https://genius.com/Booba-les-meilleurs-lyrics	824-Booba-les-meilleurs
825	100 rêves	DTF	https://genius.com/Dtf-100-reves-lyrics	825-Dtf-100-reves
826	Vaisseau mère	Booba	https://genius.com/Booba-vaisseau-mere-lyrics	826-Booba-vaisseau-mere
827	Terrain	Kaaris	https://genius.com/Kaaris-terrain-lyrics	827-Kaaris-terrain
828	Essaie encore	La Fouine	https://genius.com/La-fouine-essaie-encore-lyrics	828-La-fouine-essaie-encore
829	Deviens génial	Vald	https://genius.com/Vald-deviens-genial-lyrics	829-Vald-deviens-genial
830	Ma go	Moji x Sboy	https://genius.com/Moji-x-sboy-ma-go-lyrics	830-Moji-x-sboy-ma-go
831	Piano sombre	Kalash Criminel	https://genius.com/Kalash-criminel-piano-sombre-lyrics	831-Kalash-criminel-piano-sombre
832	Dans la légende	JuL	https://genius.com/Jul-dans-la-legende-lyrics	832-Jul-dans-la-legende
833	T-max 530	Maes	https://genius.com/Maes-t-max-530-lyrics	833-Maes-t-max-530
834	Donquixote Doflamingo	Freeze Corleone	https://genius.com/Freeze-corleone-donquixote-doflamingo-lyrics	834-Freeze-corleone-donquixote-doflamingo
835	Purification	Alkpote (Ft. Freeze Corleone)	https://genius.com/Alkpote-purification-lyrics	835-Alkpote-purification
836	Primitif	Vald	https://genius.com/Vald-primitif-lyrics	836-Vald-primitif
837	Jeune de cité	JuL (Ft. Soso Maness)	https://genius.com/Jul-jeune-de-cite-lyrics	837-Jul-jeune-de-cite
838	Loup noir	SCH	https://genius.com/Sch-loup-noir-lyrics	838-Sch-loup-noir
839	Le premier chagrin du jour	Guizmo	https://genius.com/Guizmo-le-premier-chagrin-du-jour-lyrics	839-Guizmo-le-premier-chagrin-du-jour
840	Pourquoi	Ninho	https://genius.com/Ninho-pourquoi-lyrics	840-Ninho-pourquoi
841	1994	Hamza	https://genius.com/Hamza-1994-lyrics	841-Hamza-1994
842	R.A.C.	SCH	https://genius.com/Sch-rac-lyrics	842-Sch-rac
843	Grünt #11	Grünt (Ft. 2zer, Alpha Wann, Askaan, Framal, Georgio, Hologram Lo', Lanimal, Limsa d'Aulnay, Lomepal, Nekfeu, Pheno Cryx, Salim, Say, Sheldon, Tino (FRA), Walaz & Yassi Yass)	https://genius.com/Grunt-grunt-11-lyrics	843-Grunt-grunt-11
844	Irréversible	Youssoupha	https://genius.com/Youssoupha-irreversible-lyrics	844-Youssoupha-irreversible
845	Bla Bla Bla	1995	https://genius.com/1995-bla-bla-bla-lyrics	845-1995-bla-bla-bla
846	Temps mort	Booba	https://genius.com/Booba-temps-mort-lyrics	846-Booba-temps-mort
847	Garde la pêche	Booba	https://genius.com/Booba-garde-la-peche-lyrics	847-Booba-garde-la-peche
848	Outsider	GIMS (Ft. Djuna Family)	https://genius.com/Gims-outsider-lyrics	848-Gims-outsider
849	Santana	Alonzo	https://genius.com/Alonzo-santana-lyrics	849-Alonzo-santana
850	Belles femmes	Zola	https://genius.com/Zola-belles-femmes-lyrics	850-Zola-belles-femmes
851	Hayssurance	Hayce Lemsi	https://genius.com/Hayce-lemsi-hayssurance-lyrics	851-Hayce-lemsi-hayssurance
852	Méchant	Niska (Ft. Ninho)	https://genius.com/Niska-mechant-lyrics	852-Niska-mechant
853	Ça va aller	Booba (Ft. Niska & Sidiki Diabaté)	https://genius.com/Booba-ca-va-aller-lyrics	853-Booba-ca-va-aller
854	Deux-trois	Nekfeu (Ft. 1995)	https://genius.com/Nekfeu-deux-trois-lyrics	854-Nekfeu-deux-trois
855	Chino	Ninho	https://genius.com/Ninho-chino-lyrics	855-Ninho-chino
856	Μ. Noob Saibot	Damso	https://genius.com/Damso-noob-saibot-lyrics	856-Damso-noob-saibot
857	Perplexe	Damso	https://genius.com/Damso-perplexe-lyrics	857-Damso-perplexe
858	Dybala	Maes (Ft. JuL)	https://genius.com/Maes-dybala-lyrics	858-Maes-dybala
859	Je nous mens	Damso	https://genius.com/Damso-je-nous-mens-lyrics	859-Damso-je-nous-mens
860	Possédé	Vald	https://genius.com/Vald-possede-lyrics	860-Vald-possede
861	Énergie sombre	Nekfeu	https://genius.com/Nekfeu-energie-sombre-lyrics	861-Nekfeu-energie-sombre
862	B.O.C	Niska	https://genius.com/Niska-boc-lyrics	862-Niska-boc
863	Amérique du sud	Freeze Corleone	https://genius.com/Freeze-corleone-amerique-du-sud-lyrics	863-Freeze-corleone-amerique-du-sud
864	Embrasse-moi	MZ	https://genius.com/Mz-embrasse-moi-lyrics	864-Mz-embrasse-moi
865	Ancelotti	Freeze Corleone	https://genius.com/Freeze-corleone-ancelotti-lyrics	865-Freeze-corleone-ancelotti
866	Flex	Django	https://genius.com/Django-flex-lyrics	866-Django-flex
867	Himalaya	SCH	https://genius.com/Sch-himalaya-lyrics	867-Sch-himalaya
868	STUPÉFIANT ET NOIR	Alpha Wann	https://genius.com/Alpha-wann-stupefiant-et-noir-lyrics	868-Alpha-wann-stupefiant-et-noir
869	Monde	Damso	https://genius.com/Damso-monde-lyrics	869-Damso-monde
870	Oublie Ton Ex	Fababy (Ft. Djany)	https://genius.com/Fababy-oublie-ton-ex-lyrics	870-Fababy-oublie-ton-ex
871	Sundance	Népal	https://genius.com/Nepal-sundance-lyrics	871-Nepal-sundance
872	philly flingo	Alpha Wann	https://genius.com/Alpha-wann-philly-flingo-lyrics	872-Alpha-wann-philly-flingo
873	Bando Diaries (Remix)	Dutchavelli (Ft. DIVINE, Kekra, Noizy & ONEFOUR)	https://genius.com/Dutchavelli-bando-diaries-remix-lyrics	873-Dutchavelli-bando-diaries-remix
874	À cœur ouvert	JR O Crom & Doomams	https://genius.com/Jr-o-crom-and-doomams-a-cur-ouvert-lyrics	874-Jr-o-crom-and-doomams-a-cur-ouvert
875	Dans 10 ans	Guizmo	https://genius.com/Guizmo-dans-10-ans-lyrics	875-Guizmo-dans-10-ans
876	Aristocrate	Heuss L'enfoiré	https://genius.com/Heuss-lenfoire-aristocrate-lyrics	876-Heuss-lenfoire-aristocrate
877	Combien et qui ?	Lacrim	https://genius.com/Lacrim-combien-et-qui-lyrics	877-Lacrim-combien-et-qui
878	Programmé	Nekfeu	https://genius.com/Nekfeu-programme-lyrics	878-Nekfeu-programme
879	Fallait pas	Marwa Loud	https://genius.com/Marwa-loud-fallait-pas-lyrics	879-Marwa-loud-fallait-pas
880	Mamasita	JuL	https://genius.com/Jul-mamasita-lyrics	880-Jul-mamasita
881	Commando	Niska	https://genius.com/Niska-commando-lyrics	881-Niska-commando
882	Avant de partir	Niro	https://genius.com/Niro-avant-de-partir-lyrics	882-Niro-avant-de-partir
883	J'attends	SCH	https://genius.com/Sch-jattends-lyrics	883-Sch-jattends
884	Old Boy	Hugo TSR	https://genius.com/Hugo-tsr-old-boy-lyrics	884-Hugo-tsr-old-boy
885	Miley	Ateyaba (Ft. Dosseh)	https://genius.com/Ateyaba-miley-lyrics	885-Ateyaba-miley
886	Trap Queen (Remix)	Fetty Wap (Ft. Gradur)	https://genius.com/Fetty-wap-trap-queen-remix-lyrics	886-Fetty-wap-trap-queen-remix
887	Ça ira	SCH	https://genius.com/Sch-ca-ira-lyrics	887-Sch-ca-ira
888	Hayce Lem16	Hayce Lemsi	https://genius.com/Hayce-lemsi-hayce-lem16-lyrics	888-Hayce-lemsi-hayce-lem16
889	Comme Gucci Mane	Kaaris	https://genius.com/Kaaris-comme-gucci-mane-lyrics	889-Kaaris-comme-gucci-mane
890	Démarre	S-Crew	https://genius.com/S-crew-demarre-lyrics	890-S-crew-demarre
891	Gros bonnets	Niska (Ft. Madrane)	https://genius.com/Niska-gros-bonnets-lyrics	891-Niska-gros-bonnets
892	Rap Genius	disiz	https://genius.com/Disiz-rap-genius-lyrics	892-Disiz-rap-genius
893	Suis-je	Deen Burbigo	https://genius.com/Deen-burbigo-suis-je-lyrics	893-Deen-burbigo-suis-je
894	Laisse pas traîner ton fils	Suprême NTM	https://genius.com/Supreme-ntm-laisse-pas-trainer-ton-fils-lyrics	894-Supreme-ntm-laisse-pas-trainer-ton-fils
895	Story X	Niska	https://genius.com/Niska-story-x-lyrics	895-Niska-story-x
896	Dans le vide	Josman	https://genius.com/Josman-dans-le-vide-lyrics	896-Josman-dans-le-vide
897	Savon	Le Club	https://genius.com/Le-club-savon-lyrics	897-Le-club-savon
898	ÇA VA ENSEMBLE	Alpha Wann	https://genius.com/Alpha-wann-ca-va-ensemble-lyrics	898-Alpha-wann-ca-va-ensemble
899	Italia	Niska	https://genius.com/Niska-italia-lyrics	899-Niska-italia
900	Lunatic	Booba (Ft. Akon)	https://genius.com/Booba-lunatic-lyrics	900-Booba-lunatic
901	J'accélère	Rohff	https://genius.com/Rohff-jaccelere-lyrics	901-Rohff-jaccelere
902	Le crime paie	Lunatic	https://genius.com/Lunatic-le-crime-paie-lyrics	902-Lunatic-le-crime-paie
903	Suga	Nekfeu	https://genius.com/Nekfeu-suga-lyrics	903-Nekfeu-suga
904	Papers	Zola (Ft. Ninho)	https://genius.com/Zola-papers-lyrics	904-Zola-papers
905	Judy Moncada	Lacrim	https://genius.com/Lacrim-judy-moncada-lyrics	905-Lacrim-judy-moncada
906	C'est trop	JuL	https://genius.com/Jul-cest-trop-lyrics	906-Jul-cest-trop
907	Sans peine	Ninho	https://genius.com/Ninho-sans-peine-lyrics	907-Ninho-sans-peine
908	La Chanson De La Démonétisation	Maxence	https://genius.com/Maxence-la-chanson-de-la-demonetisation-lyrics	908-Maxence-la-chanson-de-la-demonetisation
909	Souviens-toi	Djadja & Dinaz	https://genius.com/Djadja-and-dinaz-souviens-toi-lyrics	909-Djadja-and-dinaz-souviens-toi
910	Grand Médine	Médine	https://genius.com/Medine-grand-medine-lyrics	910-Medine-grand-medine
911	Panama	L'Algérino	https://genius.com/Lalgerino-panama-lyrics	911-Lalgerino-panama
912	Ciroc	Kaaris	https://genius.com/Kaaris-ciroc-lyrics	912-Kaaris-ciroc
913	Chat perché	Guizmo	https://genius.com/Guizmo-chat-perche-lyrics	913-Guizmo-chat-perche
914	Afro Trap, Pt. 4 (Fais le mouv)	MHD	https://genius.com/Mhd-afro-trap-pt-4-fais-le-mouv-lyrics	914-Mhd-afro-trap-pt-4-fais-le-mouv
915	S/O le Flem	Django (Ft. Freeze Corleone & Roi Heenok)	https://genius.com/Django-s-o-le-flem-lyrics	915-Django-s-o-le-flem
916	1435	Abdallah	https://genius.com/Abdallah-1435-lyrics	916-Abdallah-1435
917	Gotham	Booba	https://genius.com/Booba-gotham-lyrics	917-Booba-gotham
918	Abracadabra	Booba	https://genius.com/Booba-abracadabra-lyrics	918-Booba-abracadabra
919	Adieu bientôt	Columbine	https://genius.com/Columbine-adieu-bientot-lyrics	919-Columbine-adieu-bientot
920	Magnifique	Booba	https://genius.com/Booba-magnifique-lyrics	920-Booba-magnifique
921	La ballade du Frémont	Nekfeu (Ft. Doums)	https://genius.com/Nekfeu-la-ballade-du-fremont-lyrics	921-Nekfeu-la-ballade-du-fremont
922	La petite marchande de portes-clefs	OrelSan	https://genius.com/Orelsan-la-petite-marchande-de-portes-clefs-lyrics	922-Orelsan-la-petite-marchande-de-portes-clefs
923	Balenciaga	Sfera Ebbasta (Ft. SCH)	https://genius.com/Sfera-ebbasta-balenciaga-lyrics	923-Sfera-ebbasta-balenciaga
924	André	Guizmo	https://genius.com/Guizmo-andre-lyrics	924-Guizmo-andre
925	Seum	Vald	https://genius.com/Vald-seum-lyrics	925-Vald-seum
926	Massimo	SCH	https://genius.com/Sch-massimo-lyrics	926-Sch-massimo
927	Freestyle Radio Phoenix	Casseurs Flowters	https://genius.com/Casseurs-flowters-freestyle-radio-phoenix-lyrics	927-Casseurs-flowters-freestyle-radio-phoenix
928	Finir mal	OrelSan	https://genius.com/Orelsan-finir-mal-lyrics	928-Orelsan-finir-mal
929	1er rôle	Nekfeu	https://genius.com/Nekfeu-1er-role-lyrics	929-Nekfeu-1er-role
930	Jeunesse influençable	Bigflo & Oli	https://genius.com/Bigflo-and-oli-jeunesse-influencable-lyrics	930-Bigflo-and-oli-jeunesse-influencable
931	Offshore	Vald (Ft. Suikon Blaz AD)	https://genius.com/Vald-offshore-lyrics	931-Vald-offshore
932	Le prince de la ville	L'Algérino	https://genius.com/Lalgerino-le-prince-de-la-ville-lyrics	932-Lalgerino-le-prince-de-la-ville
933	Beautiful	Damso	https://genius.com/Damso-beautiful-lyrics	933-Damso-beautiful
934	Gaïden VS Jazzy Bazz	Rap Contenders (Ft. Gaïden & Jazzy Bazz)	https://genius.com/Rap-contenders-gaiden-vs-jazzy-bazz-lyrics	934-Rap-contenders-gaiden-vs-jazzy-bazz
935	Stretch 4	Freeze Corleone	https://genius.com/Freeze-corleone-stretch-4-lyrics	935-Freeze-corleone-stretch-4
936	Bizarre	Lorenzo (Ft. Vald)	https://genius.com/Lorenzo-bizarre-lyrics	936-Lorenzo-bizarre
937	KYLL	Médine (Ft. Booba)	https://genius.com/Medine-kyll-lyrics	937-Medine-kyll
938	Été triste	Columbine	https://genius.com/Columbine-ete-triste-lyrics	938-Columbine-ete-triste
939	Discographie rap - 2019	Genius France	https://genius.com/Genius-france-discographie-rap-2019-annotated	939-Genius-france-discographie-rap-2019-annotated
940	L'héritier	Lartiste (Ft. Rim'K)	https://genius.com/Lartiste-lheritier-lyrics	940-Lartiste-lheritier
941	En boucle	Alonzo	https://genius.com/Alonzo-en-boucle-lyrics	941-Alonzo-en-boucle
942	À la base	Nekfeu	https://genius.com/Nekfeu-a-la-base-lyrics	942-Nekfeu-a-la-base
943	JDC	Booba	https://genius.com/Booba-jdc-lyrics	943-Booba-jdc
944	LE MÔME	Ptite Soeur, neophron & FEMTOGO	https://genius.com/Ptite-soeur-neophron-and-femtogo-le-mome-lyrics	944-Ptite-soeur-neophron-and-femtogo-le-mome
945	Pommade	Lomepal	https://genius.com/Lomepal-pommade-lyrics	945-Lomepal-pommade
946	Même issue	Damso	https://genius.com/Damso-meme-issue-lyrics	946-Damso-meme-issue
947	La sauce	Hamza	https://genius.com/Hamza-la-sauce-lyrics	947-Hamza-la-sauce
948	Woah	93 Empire (Ft. Heuss L'enfoiré, Kalash Criminel, Mac Tyer, Sadek, Sofiane, Soolking & Vald)	https://genius.com/93-empire-woah-lyrics	948-93-empire-woah
949	Bitch	Lefa (Ft. Vald)	https://genius.com/Lefa-bitch-lyrics	949-Lefa-bitch
950	Ghetto	Benash (Ft. Booba)	https://genius.com/Benash-ghetto-lyrics	950-Benash-ghetto
951	Papá trabaja	Lacrim (Ft. Brulux)	https://genius.com/Lacrim-papa-trabaja-lyrics	951-Lacrim-papa-trabaja
952	Mort	Damso	https://genius.com/Damso-mort-lyrics	952-Damso-mort
953	Euphorie	Kalash Criminel	https://genius.com/Kalash-criminel-euphorie-lyrics	953-Kalash-criminel-euphorie
954	Don't Laïk	Médine	https://genius.com/Medine-dont-laik-lyrics	954-Medine-dont-laik
955	Avant la douane	JuL	https://genius.com/Jul-avant-la-douane-lyrics	955-Jul-avant-la-douane
956	Constat amer	Kery James	https://genius.com/Kery-james-constat-amer-lyrics	956-Kery-james-constat-amer
957	Bracelet	Lacrim	https://genius.com/Lacrim-bracelet-lyrics	957-Lacrim-bracelet
958	Suicide commercial	Lino	https://genius.com/Lino-suicide-commercial-lyrics	958-Lino-suicide-commercial
959	Athéna	PNL (Ft. N'Dirty Deh & RKM)	https://genius.com/Pnl-athena-lyrics	959-Pnl-athena
960	Sosa	40000 Gang	https://genius.com/40000-gang-sosa-lyrics	960-40000-gang-sosa
961	Téléphone	Freeze Corleone	https://genius.com/Freeze-corleone-telephone-lyrics	961-Freeze-corleone-telephone
962	PUKE SOMETHING	Ptite Soeur, neophron & FEMTOGO	https://genius.com/Ptite-soeur-neophron-and-femtogo-puke-something-lyrics	962-Ptite-soeur-neophron-and-femtogo-puke-something
963	Si j'arrêtais	Vald	https://genius.com/Vald-si-jarretais-lyrics	963-Vald-si-jarretais
964	Discographie rap - 2025	Genius France	https://genius.com/Genius-france-discographie-rap-2025-annotated	964-Genius-france-discographie-rap-2025-annotated
965	Sale mood	Bramsito (Ft. Booba)	https://genius.com/Bramsito-sale-mood-lyrics	965-Bramsito-sale-mood
966	CARTIER SANTOS	SDM	https://genius.com/Sdm-cartier-santos-lyrics	966-Sdm-cartier-santos
967	Pas les mêmes	PLK	https://genius.com/Plk-pas-les-memes-lyrics	967-Plk-pas-les-memes
968	O'KCLH	4Keus Gang	https://genius.com/4keus-gang-okclh-lyrics	968-4keus-gang-okclh
969	SACOCHE	Simba La Rue (Ft. Baby Gang)	https://genius.com/Simba-la-rue-sacoche-lyrics	969-Simba-la-rue-sacoche
970	Binks to Binks 6	Ninho	https://genius.com/Ninho-binks-to-binks-6-lyrics	970-Ninho-binks-to-binks-6
971	Bécane	Yamê (FRA)	https://genius.com/Yame-fra-becane-lyrics	971-Yame-fra-becane
972	Babylone	Népal	https://genius.com/Nepal-babylone-lyrics	972-Nepal-babylone
973	Destinée	Booba (Ft. Kayna Samet)	https://genius.com/Booba-destinee-lyrics	973-Booba-destinee
974	C'est nous	Lacrim (Ft. Niro)	https://genius.com/Lacrim-cest-nous-lyrics	974-Lacrim-cest-nous
975	Retour aux pyramides	X-Men	https://genius.com/X-men-retour-aux-pyramides-lyrics	975-X-men-retour-aux-pyramides
976	Mon p'tit loup	Sofiane	https://genius.com/Sofiane-mon-ptit-loup-lyrics	976-Sofiane-mon-ptit-loup
977	Caroline	MC Solaar	https://genius.com/Mc-solaar-caroline-lyrics	977-Mc-solaar-caroline
978	On va tout perdre	Lacrim (Ft. Mister You)	https://genius.com/Lacrim-on-va-tout-perdre-lyrics	978-Lacrim-on-va-tout-perdre
979	Amaru	Sneazzy	https://genius.com/Sneazzy-amaru-lyrics	979-Sneazzy-amaru
980	Ma Benz	Suprême NTM (Ft. Lord Kossity)	https://genius.com/Supreme-ntm-ma-benz-lyrics	980-Supreme-ntm-ma-benz
981	Paname allons danser	Sexion d'Assaut	https://genius.com/Sexion-dassaut-paname-allons-danser-lyrics	981-Sexion-dassaut-paname-allons-danser
982	J'y pense	Djadja & Dinaz	https://genius.com/Djadja-and-dinaz-jy-pense-lyrics	982-Djadja-and-dinaz-jy-pense
983	Foufoune Palace	Luidji	https://genius.com/Luidji-foufoune-palace-lyrics	983-Luidji-foufoune-palace
984	Hayssassinat	Hayce Lemsi	https://genius.com/Hayce-lemsi-hayssassinat-lyrics	984-Hayce-lemsi-hayssassinat
985	Maria	Timal	https://genius.com/Timal-maria-lyrics	985-Timal-maria
986	GPG 2	Guizmo	https://genius.com/Guizmo-gpg-2-lyrics	986-Guizmo-gpg-2
987	Marche arrière	Nekfeu	https://genius.com/Nekfeu-marche-arriere-lyrics	987-Nekfeu-marche-arriere
988	Du ferme	La Fouine	https://genius.com/La-fouine-du-ferme-lyrics	988-La-fouine-du-ferme
989	Anunnaki	Vald	https://genius.com/Vald-anunnaki-lyrics	989-Vald-anunnaki
990	Very Few Friends	Saint Levant	https://genius.com/Saint-levant-very-few-friends-lyrics	990-Saint-levant-very-few-friends
991	Redbull & Vodka	La Fouine	https://genius.com/La-fouine-redbull-and-vodka-lyrics	991-La-fouine-redbull-and-vodka
992	Dans ma ville, on traîne	OrelSan	https://genius.com/Orelsan-dans-ma-ville-on-traine-lyrics	992-Orelsan-dans-ma-ville-on-traine
993	Chanson d'amour	Nekfeu	https://genius.com/Nekfeu-chanson-damour-lyrics	993-Nekfeu-chanson-damour
994	TieksVie	Damso	https://genius.com/Damso-tieksvie-lyrics	994-Damso-tieksvie
995	Perfekt	AriBeatz & RAF Camora (Ft. Sofiane)	https://genius.com/Aribeatz-and-raf-camora-perfekt-lyrics	995-Aribeatz-and-raf-camora-perfekt
996	Placebo	Dinos	https://genius.com/Dinos-placebo-lyrics	996-Dinos-placebo
997	Freestyle Couvre Feu Damso sur OKLM Radio	Damso	https://genius.com/Damso-freestyle-couvre-feu-damso-sur-oklm-radio-lyrics	997-Damso-freestyle-couvre-feu-damso-sur-oklm-radio
998	Freestyle de Rue act.4	Lacrim	https://genius.com/Lacrim-freestyle-de-rue-act4-lyrics	998-Lacrim-freestyle-de-rue-act4
999	Bavard	Ninho	https://genius.com/Ninho-bavard-lyrics	999-Ninho-bavard
