#,title,artist,href
1,S/O le Flem,Django (Ft. Freeze Corleone & Roi Heenok ),https://genius.com/Django-s-o-le-flem-lyrics
2,GLOWED UP,KAYTRANADA (Ft. Anderson .Paak ),https://genius.com/Kaytranada-glowed-up-lyrics
3,Toutes les femmes savent danser,Loud,https://genius.com/Loud-toutes-les-femmes-savent-danser-lyrics
4,Dans les buissons,Freeze Corleone (Ft. Osirus Jack & Roi Heenok ),https://genius.com/Freeze-corleone-dans-les-buissons-lyrics
5,Sensuelle,Jeune Loup,https://genius.com/Jeune-loup-sensuelle-lyrics
6,TTTTT,Loud,https://genius.com/Loud-ttttt-lyrics
7,Devenir immortel (et puis mourir),Loud,https://genius.com/Loud-devenir-immortel-et-puis-mourir-lyrics
8,Nouveaux riches,Loud,https://genius.com/Loud-nouveaux-riches-lyrics
9,38 Spécial,Roi Heenok (Ft. Freeze Corleone ),https://genius.com/Roi-heenok-38-special-lyrics
10,Gayé,FouKi,https://genius.com/Fouki-gaye-lyrics
11,56K,Loud,https://genius.com/Loud-56k-lyrics
12,Les choses se passent,L'Entourage (Ft. Casse Croute ),https://genius.com/Lentourage-les-choses-se-passent-lyrics
13,Drinking in L.A.,Bran Van 3000,https://genius.com/Bran-van-3000-drinking-in-la-lyrics
14,Montréal $ud,Dead Obies,https://genius.com/Dead-obies-montreal-sud-lyrics
15,La folle,Capitaine Gaza (Ft. MB & White-B ),https://genius.com/Capitaine-gaza-la-folle-lyrics
16,XOXO,Loud Lary Ajust,https://genius.com/Loud-lary-ajust-xoxo-lyrics
17,Explosif,Dead Obies,https://genius.com/Dead-obies-explosif-lyrics
18,Enfant de l'asphalte,Koriass,https://genius.com/Koriass-enfant-de-lasphalte-lyrics
19,Un ours mal léché,Manu Militari,https://genius.com/Manu-militari-un-ours-mal-leche-lyrics
20,Blacklights,Koriass,https://genius.com/Koriass-blacklights-lyrics
21,Le secret des dieux,Manu Militari,https://genius.com/Manu-militari-le-secret-des-dieux-lyrics
22,"Hell, What a View",Loud,https://genius.com/Loud-hell-what-a-view-lyrics
23,Power - Remix,Enima,https://genius.com/Enima-power-remix-lyrics
24,Désirée,Yes Mccan (Ft. Cape Tula & Yuki Dreams Again ),https://genius.com/Yes-mccan-desiree-lyrics
25,P.R.M.F,White-B,https://genius.com/White-b-prmf-lyrics
26,"Sometimes, All The Time",Loud (Ft. Charlotte Cardin ),https://genius.com/Loud-sometimes-all-the-time-lyrics
27,SAPOUD,Les Anticipateurs,https://genius.com/Les-anticipateurs-sapoud-lyrics
28,Je me souviens,Manu Militari,https://genius.com/Manu-militari-je-me-souviens-lyrics
29,Montréal-Nord,Koriass,https://genius.com/Koriass-montreal-nord-lyrics
30,Copilote,FouKi (Ft. Jay Scøtt ),https://genius.com/Fouki-copilote-lyrics
31,For The Low,Enima,https://genius.com/Enima-for-the-low-lyrics
32,On My Life,Loud (Ft. 20Some & Lary Kidd ),https://genius.com/Loud-on-my-life-lyrics
33,On Fouette,Tizzo & Shreez (Ft. Soft ),https://genius.com/Tizzo-and-shreez-on-fouette-lyrics
34,OUIN,Les Anticipateurs,https://genius.com/Les-anticipateurs-ouin-lyrics
35,Blow,Enima (Ft. Lk Tha Goon & White-B ),https://genius.com/Enima-blow-lyrics
36,Parler caca dans l'aile,Chloé KDL (Ft. Demon D.O.A. ),https://genius.com/Chloe-kdl-parler-caca-dans-laile-lyrics
37,Pour la vie,MB,https://genius.com/Mb-pour-la-vie-lyrics
38,Ça que c’tait,Alaclair Ensemble,https://genius.com/Alaclair-ensemble-ca-que-ctait-lyrics
39,La route est longue,Gros Big,https://genius.com/Gros-big-la-route-est-longue-lyrics
40,Makeup,FouKi,https://genius.com/Fouki-makeup-lyrics
41,Dis moi,Corops,https://genius.com/Corops-dis-moi-lyrics
42,Dans la nuit,Cœur de Pirate (Ft. Loud ),https://genius.com/Cur-de-pirate-dans-la-nuit-lyrics
43,Devenir Fou,Koriass,https://genius.com/Koriass-devenir-fou-lyrics
44,Mauvais garçons,White-B,https://genius.com/White-b-mauvais-garcons-lyrics
45,Johnny,Dead Obies,https://genius.com/Dead-obies-johnny-lyrics
46,A l'aise,Enima,https://genius.com/Enima-a-laise-lyrics
47,Mode de vie,White-B & MB,https://genius.com/White-b-and-mb-mode-de-vie-lyrics
48,Godbless The Topless,Black Taboo,https://genius.com/Black-taboo-godbless-the-topless-lyrics
49,Libérez-nous des libéraux,Loco Locass,https://genius.com/Loco-locass-liberez-nous-des-liberaux-lyrics
50,24 heures à vivre,White-B (Ft. Random (QC) ),https://genius.com/White-b-24-heures-a-vivre-lyrics
51,Nana,Lorenzo (Ft. Les Anticipateurs ),https://genius.com/Lorenzo-nana-lyrics
52,Médailles,Loud,https://genius.com/Loud-medailles-lyrics
53,Where They @,Dead Obies,https://genius.com/Dead-obies-where-they-lyrics
54,Éléphant,Koriass,https://genius.com/Koriass-elephant-lyrics
55,Intro (MMS1),Enima,https://genius.com/Enima-intro-mms1-lyrics
56,Chacun sa manière,Souldia (Ft. Enima & Fou Furieux ),https://genius.com/Souldia-chacun-sa-maniere-lyrics
57,Iceberg,Lost,https://genius.com/Lost-iceberg-lyrics
58,Vérité,Lost (Ft. White-B ),https://genius.com/Lost-verite-lyrics
59,Jugg,Izzy-S (Ft. Enima ),https://genius.com/Izzy-s-jugg-lyrics
60,Chill?,Tizzo & Shreez,https://genius.com/Tizzo-and-shreez-chill-lyrics
61,Territoire hostile,Sans Pression,https://genius.com/Sans-pression-territoire-hostile-lyrics
62,Trilogie,Osirus Jack (Ft. Kaki Santana & Roi Heenok ),https://genius.com/Osirus-jack-trilogie-lyrics
63,Grande plume,Manu Militari,https://genius.com/Manu-militari-grande-plume-lyrics
64,Moi,Enima,https://genius.com/Enima-moi-lyrics
65,Ciel,FouKi (Ft. Alicia Moffet ),https://genius.com/Fouki-ciel-lyrics
66,Petit prince,Rymz,https://genius.com/Rymz-petit-prince-lyrics
67,Wrist Money,Enima,https://genius.com/Enima-wrist-money-lyrics
68,Inoubliable,Souldia,https://genius.com/Souldia-inoubliable-lyrics
69,Cinq à sept,Koriass,https://genius.com/Koriass-cinq-a-sept-lyrics
70,Vamos,MB (Ft. Lost ),https://genius.com/Mb-vamos-lyrics
71,Matusalem,Koriass (Ft. Jay Scøtt ),https://genius.com/Koriass-matusalem-lyrics
72,Monnaie,Dead Obies,https://genius.com/Dead-obies-monnaie-lyrics
73,P5,Lost,https://genius.com/Lost-p5-lyrics
74,Sur ma vie,Vai,https://genius.com/Vai-sur-ma-vie-lyrics
75,Toute la nuit,Enima (Ft. VT ),https://genius.com/Enima-toute-la-nuit-lyrics
76,ALL ZAY,FouKi (Ft. Koriass ),https://genius.com/Fouki-all-zay-lyrics
77,Saint Laurent,Mister V (Ft. Rowjay ),https://genius.com/Mister-v-saint-laurent-lyrics
78,Cendres,Loud Lary Ajust (Ft. Fanny Bloom ),https://genius.com/Loud-lary-ajust-cendres-lyrics
79,L'Attente,Manu Militari,https://genius.com/Manu-militari-lattente-lyrics
80,Supernova,Koriass,https://genius.com/Koriass-supernova-lyrics
81,Fallait y aller,Loud,https://genius.com/Loud-fallait-y-aller-lyrics
82,Le pont de la rivière Kwaï,Loud,https://genius.com/Loud-le-pont-de-la-riviere-kwai-lyrics
83,Bando,"MB , Lost & White-B",https://genius.com/Mb-lost-and-white-b-bando-lyrics
84,Ménage à trois,Manu Militari,https://genius.com/Manu-militari-menage-a-trois-lyrics
85,So Far So Good,Loud,https://genius.com/Loud-so-far-so-good-lyrics
86,Automne,Loud Lary Ajust (Ft. Karim Ouellet ),https://genius.com/Loud-lary-ajust-automne-lyrics
87,Don't Play It Safe,Cassie,https://genius.com/Cassie-dont-play-it-safe-lyrics
88,Wow,Tizzo & Shreez (Ft. Soft & VNCE CARTER ),https://genius.com/Tizzo-and-shreez-wow-lyrics
89,Le bonheur des autres,"Souldia (Ft. Lost , MB & White-B )",https://genius.com/Souldia-le-bonheur-des-autres-lyrics
90,Waiting,Dead Obies,https://genius.com/Dead-obies-waiting-lyrics
91,Badman,Lost,https://genius.com/Lost-badman-lyrics
92,STEAK,Les Anticipateurs,https://genius.com/Les-anticipateurs-steak-lyrics
93,Voix de fait,Manu Militari,https://genius.com/Manu-militari-voix-de-fait-lyrics
94,Jack Sparrow,MB,https://genius.com/Mb-jack-sparrow-lyrics
95,Bruce Wayne,Lost (Ft. Izzy-S ),https://genius.com/Lost-bruce-wayne-lyrics
96,Vider le klip,VT,https://genius.com/Vt-vider-le-klip-lyrics
97,Henny,Enima,https://genius.com/Enima-henny-lyrics
98,Sur la route,Lost,https://genius.com/Lost-sur-la-route-lyrics
99,Jamais de la vie,Loud,https://genius.com/Loud-jamais-de-la-vie-lyrics
100,Time,Enima,https://genius.com/Enima-time-lyrics
101,Une plotte c’t’une plotte,Black Taboo,https://genius.com/Black-taboo-une-plotte-ctune-plotte-lyrics
102,Misère,Enima,https://genius.com/Enima-misere-lyrics
103,Pavel Bure,Les Anticipateurs (Ft. Shreez & Tizzo ),https://genius.com/Les-anticipateurs-pavel-bure-lyrics
104,Fanny,YH,https://genius.com/Yh-fanny-lyrics
105,LIMB,Planet Giza,https://genius.com/Planet-giza-limb-lyrics
106,La Paix des Braves,Samian (Ft. Loco Locass ),https://genius.com/Samian-la-paix-des-braves-lyrics
107,Sirènes,Lost (Ft. Capitaine Gaza ),https://genius.com/Lost-sirenes-lyrics
108,Il était moins une,Loud,https://genius.com/Loud-il-etait-moins-une-lyrics
109,Bye bye,White-B,https://genius.com/White-b-bye-bye-lyrics
110,Éclipse,Enima,https://genius.com/Enima-eclipse-lyrics
111,Doo Wop,Dead Obies,https://genius.com/Dead-obies-doo-wop-lyrics
112,Valentina,Souldia,https://genius.com/Souldia-valentina-lyrics
113,Zombies,Koriass,https://genius.com/Koriass-zombies-lyrics
114,La Cause,VT,https://genius.com/Vt-la-cause-lyrics
115,Gris,Enima,https://genius.com/Enima-gris-lyrics
116,Aveux,Souldia (Ft. D4vid Lee ),https://genius.com/Souldia-aveux-lyrics
117,Ça Pue,Tizzo & Shreez,https://genius.com/Tizzo-and-shreez-ca-pue-lyrics
118,Métropole,MB,https://genius.com/Mb-metropole-lyrics
119,Cocaïno rap musique,Roi Heenok,https://genius.com/Roi-heenok-cocaino-rap-musique-lyrics
120,Rosa,VT,https://genius.com/Vt-rosa-lyrics
121,Réussir,Enima,https://genius.com/Enima-reussir-lyrics
122,Love suprême,Koriass (Ft. Sabrina Halde ),https://genius.com/Koriass-love-supreme-lyrics
123,Ondulation,Loud Lary Ajust,https://genius.com/Loud-lary-ajust-ondulation-lyrics
124,Pour mon pays,Sir Pathétik,https://genius.com/Sir-pathetik-pour-mon-pays-lyrics
125,BP2 (Intro),Lost,https://genius.com/Lost-bp2-intro-lyrics
126,Détour,Enima,https://genius.com/Enima-detour-lyrics
127,Outro (Cerbère),"MB , Lost & White-B (Ft. Capitaine Gaza )",https://genius.com/Mb-lost-and-white-b-outro-cerbere-lyrics
128,Runnin',Dead Obies,https://genius.com/Dead-obies-runnin-lyrics
129,Star,Enima,https://genius.com/Enima-star-lyrics
130,SWG,Loud (Ft. Lary Kidd ),https://genius.com/Loud-swg-lyrics
131,Mille Soleils,Rymz,https://genius.com/Rymz-mille-soleils-lyrics
132,Dz d’Amérique,Enima,https://genius.com/Enima-dz-damerique-lyrics
133,PLG,5sang14,https://genius.com/5sang14-plg-lyrics
134,Longue histoire courte,Loud,https://genius.com/Loud-longue-histoire-courte-lyrics
135,Elle sait pas,White-B,https://genius.com/White-b-elle-sait-pas-lyrics
136,Marée humaine,Manu Militari,https://genius.com/Manu-militari-maree-humaine-lyrics
137,HYBRIDE EXO,Roi Heenok (Ft. Alkpote ),https://genius.com/Roi-heenok-hybride-exo-lyrics
138,Alaclair High,Alaclair Ensemble,https://genius.com/Alaclair-ensemble-alaclair-high-lyrics
139,Une année record,Loud,https://genius.com/Loud-une-annee-record-lyrics
140,Best Friend,Enima,https://genius.com/Enima-best-friend-lyrics
141,Mona Lisa,White-B (Ft. MB ),https://genius.com/White-b-mona-lisa-lyrics
142,Hooked,Zeina,https://genius.com/Zeina-hooked-lyrics
143,Nouvelle drogue,Rymz (Ft. William Hennessey ),https://genius.com/Rymz-nouvelle-drogue-lyrics
144,Indélébile,Rymz,https://genius.com/Rymz-indelebile-lyrics
145,Gaïden vs Freddy Gruesum,WordUP! Battles (Ft. Freddy Gruesum & Gaïden ),https://genius.com/Wordup-battles-gaiden-vs-freddy-gruesum-lyrics
146,ONO,Loud Lary Ajust,https://genius.com/Loud-lary-ajust-ono-lyrics
147,Slow Motion,Ryan (QC) (Ft. Lost ),https://genius.com/Ryan-qc-slow-motion-lyrics
148,Pourquoi tout perdre,Lenni-Kim,https://genius.com/Lenni-kim-pourquoi-tout-perdre-lyrics
149,Gucci,Soubillz,https://genius.com/Soubillz-gucci-lyrics
150,Million,Enima,https://genius.com/Enima-million-lyrics
151,Devil May Cry,Rowjay (Ft. Alpha Wann ),https://genius.com/Rowjay-devil-may-cry-lyrics
152,Vrai Slime,Jeune Loup,https://genius.com/Jeune-loup-vrai-slime-lyrics
153,In Love,Enima,https://genius.com/Enima-in-love-lyrics
154,FLX,Alaclair Ensemble (Ft. Souldia ),https://genius.com/Alaclair-ensemble-flx-lyrics
155,Off The Grid,Loud (Ft. Lary Kidd ),https://genius.com/Loud-off-the-grid-lyrics
156,Corbeau,Souldia,https://genius.com/Souldia-corbeau-lyrics
157,Pardon,Koriass (Ft. Loud ),https://genius.com/Koriass-pardon-lyrics
158,Break,Dead Obies,https://genius.com/Dead-obies-break-lyrics
159,Espérance,Souldia,https://genius.com/Souldia-esperance-lyrics
160,Chacun son récit,White-B,https://genius.com/White-b-chacun-son-recit-lyrics
161,Blue Volvo,Loud Lary Ajust,https://genius.com/Loud-lary-ajust-blue-volvo-lyrics
162,La mort de Manu (Garde ta job),Koriass,https://genius.com/Koriass-la-mort-de-manu-garde-ta-job-lyrics
163,Back sur le BS,Jeune Loup,https://genius.com/Jeune-loup-back-sur-le-bs-lyrics
164,Findsemaine,Les Anticipateurs,https://genius.com/Les-anticipateurs-findsemaine-lyrics
165,Roi de la jungle,Manu Militari (Ft. Fafadi ),https://genius.com/Manu-militari-roi-de-la-jungle-lyrics
166,Rien ne va plus,Loud Lary Ajust,https://genius.com/Loud-lary-ajust-rien-ne-va-plus-lyrics
167,Kurt Cobain,Souldia,https://genius.com/Souldia-kurt-cobain-lyrics
168,F.P.T.N.,Yes Mccan (Ft. CDX ),https://genius.com/Yes-mccan-fptn-lyrics
169,La vi ti nèg,Muzion,https://genius.com/Muzion-la-vi-ti-neg-lyrics
170,PLAYA,FouKi,https://genius.com/Fouki-playa-lyrics
171,Esclave en fuite,Manu Militari,https://genius.com/Manu-militari-esclave-en-fuite-lyrics
172,Zaybae,FouKi,https://genius.com/Fouki-zaybae-lyrics
173,Peace and Love,Manu Militari,https://genius.com/Manu-militari-peace-and-love-lyrics
174,Aweille,Dead Obies,https://genius.com/Dead-obies-aweille-lyrics
175,What It Is,Dead Obies,https://genius.com/Dead-obies-what-it-is-lyrics
176,Barillet,Souldia,https://genius.com/Souldia-barillet-lyrics
177,Jolies Filles,Koriass (Ft. Lary Kidd ),https://genius.com/Koriass-jolies-filles-lyrics
178,Bénis,Koriass & FouKi,https://genius.com/Koriass-and-fouki-benis-lyrics
179,Répertoire des rappeurs & rappeuses québécois·es,Genius Québec,https://genius.com/Genius-quebec-repertoire-des-rappeurs-and-rappeuses-quebecoises-annotated
180,S.P.A.L.A.,FouKi (Ft. Vendou ),https://genius.com/Fouki-spala-lyrics
181,Lait de chèvre,Koriass (Ft. FouKi ),https://genius.com/Koriass-lait-de-chevre-lyrics
182,OUINOUIN,Les Anticipateurs,https://genius.com/Les-anticipateurs-ouinouin-lyrics
183,Au début,White-B,https://genius.com/White-b-au-debut-lyrics
184,Changement de décor,Manu Militari,https://genius.com/Manu-militari-changement-de-decor-lyrics
185,Petit Jésus,Lary Kidd,https://genius.com/Lary-kidd-petit-jesus-lyrics
186,PARANO,Lost & Loud,https://genius.com/Lost-and-loud-parano-lyrics
187,Escobar,Enima,https://genius.com/Enima-escobar-lyrics
188,Croise les doigts,Tizzo & Shreez & Le Ice (Ft. Peeda & Salgrimo ),https://genius.com/Tizzo-and-shreez-and-le-ice-croise-les-doigts-lyrics
189,Poséidon,Lost (Ft. Demso & Ryan (QC) ),https://genius.com/Lost-poseidon-lyrics
190,Avenir,Rowjay (Ft. Serane ),https://genius.com/Rowjay-avenir-lyrics
191,Légendaire,"Imposs (Ft. Loud , Rymz , Tizzo & White-B )",https://genius.com/Imposs-legendaire-lyrics
192,Marche vitale,Manu Militari,https://genius.com/Manu-militari-marche-vitale-lyrics
193,Les âmes perdues,Manu Militari,https://genius.com/Manu-militari-les-ames-perdues-lyrics
194,Gruau,Loud Lary Ajust,https://genius.com/Loud-lary-ajust-gruau-lyrics
195,La Purge,Random (QC) (Ft. White-B ),https://genius.com/Random-qc-la-purge-lyrics
196,All In,Les Anticipateurs,https://genius.com/Les-anticipateurs-all-in-lyrics
197,Cette nuit,Enima (Ft. Russkov ),https://genius.com/Enima-cette-nuit-lyrics
198,Maybach,Enima,https://genius.com/Enima-maybach-lyrics
199,Cabane à Sucre,Les Anticipateurs,https://genius.com/Les-anticipateurs-cabane-a-sucre-lyrics
200,Tony Hawk,Dead Obies,https://genius.com/Dead-obies-tony-hawk-lyrics
201,St-Eustache,Koriass,https://genius.com/Koriass-st-eustache-lyrics
202,Water,"Enima (Ft. Hoodrich Pablo Juan , Ness (USA) , Offset & Quavo )",https://genius.com/Enima-water-lyrics
203,Death Note,Zinera,https://genius.com/Zinera-death-note-lyrics
204,Pour chaque goutte de pétrole,Manu Militari,https://genius.com/Manu-militari-pour-chaque-goutte-de-petrole-lyrics
205,Président,Enima,https://genius.com/Enima-president-lyrics
206,JSP,Enima,https://genius.com/Enima-jsp-lyrics
207,Forêts,Yes Mccan (Ft. Caballero & JeanJass & Ogee Rodman ),https://genius.com/Yes-mccan-forets-lyrics
208,Risques,Enima,https://genius.com/Enima-risques-lyrics
209,Le rappel,Manu Militari (Ft. Souldia ),https://genius.com/Manu-militari-le-rappel-lyrics
210,1919,High Klassified (Ft. Zach Zoya ),https://genius.com/High-klassified-1919-lyrics
211,Sourire aux lèvres,Souldia,https://genius.com/Souldia-sourire-aux-levres-lyrics
212,BP3,Lost,https://genius.com/Lost-bp3-lyrics
213,Paralyser,Lost (Ft. MB ),https://genius.com/Lost-paralyser-lyrics
214,Gang Shit,VT,https://genius.com/Vt-gang-shit-lyrics
215,RX,Jeune Loup,https://genius.com/Jeune-loup-rx-lyrics
216,14AM,Loud Lary Ajust,https://genius.com/Loud-lary-ajust-14am-lyrics
217,Booska MMS,Enima,https://genius.com/Enima-booska-mms-lyrics
218,T'aimes un bad boy,Sir Pathétik (Ft. 01 Etranjj & Yvon Krevé ),https://genius.com/Sir-pathetik-taimes-un-bad-boy-lyrics
219,Dédicace,Manu Militari,https://genius.com/Manu-militari-dedicace-lyrics
220,Start Over,Planet Giza,https://genius.com/Planet-giza-start-over-lyrics
221,Sac de sport,Lary Kidd (Ft. Loud ),https://genius.com/Lary-kidd-sac-de-sport-lyrics
222,3.5,Shreez,https://genius.com/Shreez-35-lyrics
223,J'ai ReBesoin,Les Anticipateurs,https://genius.com/Les-anticipateurs-jai-rebesoin-lyrics
224,Rocky Balboa,Lost,https://genius.com/Lost-rocky-balboa-lyrics
225,Dans la peau (Anxiety),Yes Mccan,https://genius.com/Yes-mccan-dans-la-peau-anxiety-lyrics
226,50 Barres Outro,Jeune Loup,https://genius.com/Jeune-loup-50-barres-outro-lyrics
227,EGK,Gutta (Ft. VT ),https://genius.com/Gutta-egk-lyrics
228,Léonidas,Lost,https://genius.com/Lost-leonidas-lyrics
229,Salles combles,Loud,https://genius.com/Loud-salles-combles-lyrics
230,Price,Enima,https://genius.com/Enima-price-lyrics
231,Double vision,White-B,https://genius.com/White-b-double-vision-lyrics
232,Les mots,Samian (Ft. Anodajay ),https://genius.com/Samian-les-mots-lyrics
233,Ce monde là,Lary Kidd,https://genius.com/Lary-kidd-ce-monde-la-lyrics
234,Mula,"MB , Lost & White-B",https://genius.com/Mb-lost-and-white-b-mula-lyrics
235,Devil,Enima,https://genius.com/Enima-devil-lyrics
236,Je t'aime,Rymz,https://genius.com/Rymz-je-taime-lyrics
237,Pinata,Shreez (Ft. Peeda & Tizzo ),https://genius.com/Shreez-pinata-lyrics
238,Nouveau soleil,Souldia (Ft. Eman & FouKi ),https://genius.com/Souldia-nouveau-soleil-lyrics
239,Tout est dit,Manu Militari,https://genius.com/Manu-militari-tout-est-dit-lyrics
240,Do or Die,Dead Obies,https://genius.com/Dead-obies-do-or-die-lyrics
241,Chacalcolik vs Yes Mccan,WordUP! Battles (Ft. Chacalcolik & Yes Mccan ),https://genius.com/Wordup-battles-chacalcolik-vs-yes-mccan-lyrics
242,Oragio,Rod le Stod,https://genius.com/Rod-le-stod-oragio-lyrics
243,Mary Jane,Enima (Ft. Phobia Isaac ),https://genius.com/Enima-mary-jane-lyrics
244,Désarmé jusqu'aux dents,Taktika,https://genius.com/Taktika-desarme-jusquaux-dents-lyrics
245,Fake nigga,Lost,https://genius.com/Lost-fake-nigga-lyrics
246,Instinct Animal,Jeune Loup,https://genius.com/Jeune-loup-instinct-animal-lyrics
247,Game Over,Dead Obies (Ft. Naadei ),https://genius.com/Dead-obies-game-over-lyrics
248,La vraie musique de nègres,Roi Heenok,https://genius.com/Roi-heenok-la-vraie-musique-de-negres-lyrics
249,Ting Tun Up,Skiifall,https://genius.com/Skiifall-ting-tun-up-lyrics
250,Tout C'Qui Faut,Koriass & FouKi,https://genius.com/Koriass-and-fouki-tout-cqui-faut-lyrics
251,Come Thru,Rymz (Ft. D4vid Lee & Gvong ),https://genius.com/Rymz-come-thru-lyrics
252,Gagnant,Koriass,https://genius.com/Koriass-gagnant-lyrics
253,Bandito Story,Lost,https://genius.com/Lost-bandito-story-lyrics
254,Krève,Rymz (Ft. Souldia ),https://genius.com/Rymz-kreve-lyrics
255,Plus Haut,Koriass,https://genius.com/Koriass-plus-haut-lyrics
256,Périmètre,MB,https://genius.com/Mb-perimetre-lyrics
257,L’étage souterrain,Sans Pression (Ft. Le Youngin' & Yvon Krevé ),https://genius.com/Sans-pression-letage-souterrain-lyrics
258,Cicatrices,HYESOS BLYA (Ft. Cyrus (Random Trio) ),https://genius.com/Hyesos-blya-cicatrices-lyrics
259,Longues vies,Loud,https://genius.com/Loud-longues-vies-lyrics
260,I love U,Souldia,https://genius.com/Souldia-i-love-u-lyrics
261,$ud $ale,Dead Obies,https://genius.com/Dead-obies-ud-sale-lyrics
262,Allo Allo,Dead Obies (Ft. Naadei ),https://genius.com/Dead-obies-allo-allo-lyrics
263,Pas sortables,Loud,https://genius.com/Loud-pas-sortables-lyrics
264,La famille,Alaclair Ensemble,https://genius.com/Alaclair-ensemble-la-famille-lyrics
265,Une lettre pour Milan,Souldia,https://genius.com/Souldia-une-lettre-pour-milan-lyrics
266,La petite négresse à bicyclette,Roi Heenok,https://genius.com/Roi-heenok-la-petite-negresse-a-bicyclette-lyrics
267,Bip Bip,"Lost (Ft. BABA (QC) , Boris Levrai , Ryan (QC) & YH )",https://genius.com/Lost-bip-bip-lyrics
268,Over,Yes Mccan,https://genius.com/Yes-mccan-over-lyrics
269,Diablo,Souldia (Ft. TRONEL ),https://genius.com/Souldia-diablo-lyrics
270,Zeya,FouKi,https://genius.com/Fouki-zeya-lyrics
271,Marina,Enima,https://genius.com/Enima-marina-lyrics
272,Mets du respect dans ton bac,Alaclair Ensemble (Ft. Tizzo ),https://genius.com/Alaclair-ensemble-mets-du-respect-dans-ton-bac-lyrics
273,Le cœur gros comme ça,Souldia,https://genius.com/Souldia-le-cur-gros-comme-ca-lyrics
274,Devil en l'air,Souldia,https://genius.com/Souldia-devil-en-lair-lyrics
275,Derrière Mon Sourire,Sans Pression,https://genius.com/Sans-pression-derriere-mon-sourire-lyrics
276,Résistance,Loco Locass,https://genius.com/Loco-locass-resistance-lyrics
277,Or,Enima,https://genius.com/Enima-or-lyrics
278,GG,Loud,https://genius.com/Loud-gg-lyrics
279,1st Day Out,Jeune Loup,https://genius.com/Jeune-loup-1st-day-out-lyrics
280,Easy,Enima,https://genius.com/Enima-easy-lyrics
281,Voilà Voilà,Souldia,https://genius.com/Souldia-voila-voila-lyrics
282,Le sablier,Souldia (Ft. Izzy-S & Marieme Ndiaye ),https://genius.com/Souldia-le-sablier-lyrics
283,Solo,White-B (Ft. Lost ),https://genius.com/White-b-solo-lyrics
284,III,FouKi,https://genius.com/Fouki-iii-lyrics
285,Ciao,Souldia (Ft. O.Z (QC) ),https://genius.com/Souldia-ciao-lyrics
286,Petit sauvage,Rymz (Ft. Souldia ),https://genius.com/Rymz-petit-sauvage-lyrics
287,Révolte,Manu Militari,https://genius.com/Manu-militari-revolte-lyrics
288,Mad,Enima,https://genius.com/Enima-mad-lyrics
289,Jelly,Dead Obies,https://genius.com/Dead-obies-jelly-lyrics
290,Mémoire d'outre-tombe,Facekché,https://genius.com/Facekche-memoire-doutre-tombe-lyrics
291,Moi pis mes homies,Dead Obies,https://genius.com/Dead-obies-moi-pis-mes-homies-lyrics
292,Sans faire d'histoire,Loud,https://genius.com/Loud-sans-faire-dhistoire-lyrics
293,RIP,Obey The Brave (Ft. Loud Lary Ajust ),https://genius.com/Obey-the-brave-rip-lyrics
294,Tséveudire,Koriass,https://genius.com/Koriass-tseveudire-lyrics
295,Felonie,YH (Ft. White-B ),https://genius.com/Yh-felonie-lyrics
296,Ting Tun Up Part II,Skiifall (Ft. Knucks ),https://genius.com/Skiifall-ting-tun-up-part-ii-lyrics
297,Black Kia,Amari Cinco,https://genius.com/Amari-cinco-black-kia-lyrics
298,Ice,Seven Binks (Ft. Enima & Kodes ),https://genius.com/Seven-binks-ice-lyrics
299,FRUIT DÉFENDU,Lost,https://genius.com/Lost-fruit-defendu-lyrics
300,Oh Lord,Dead Obies,https://genius.com/Dead-obies-oh-lord-lyrics
301,Parasite,Lost & White-B,https://genius.com/Lost-and-white-b-parasite-lyrics
302,Petit bébé,Lost,https://genius.com/Lost-petit-bebe-lyrics
303,G.O.A.T.S.,"MikeZup , Connaisseur Ticaso & Enima",https://genius.com/Mikezup-connaisseur-ticaso-and-enima-goats-lyrics
304,Outro (Confession risquée),White-B,https://genius.com/White-b-outro-confession-risquee-lyrics
305,Lost Boys,Rymz,https://genius.com/Rymz-lost-boys-lyrics
306,Le vide,Souldia,https://genius.com/Souldia-le-vide-lyrics
307,PONT CHAMPLAIN,Lost,https://genius.com/Lost-pont-champlain-lyrics
308,La cause,Caballero & JeanJass (Ft. Roi Heenok ),https://genius.com/Caballero-and-jeanjass-la-cause-lyrics
309,Tuna,Tizzo & Shreez (Ft. Soft ),https://genius.com/Tizzo-and-shreez-tuna-lyrics
310,Belzébuth,Enima,https://genius.com/Enima-belzebuth-lyrics
311,Palmarès,JMB Drippy (Ft. Rach ),https://genius.com/Jmb-drippy-palmares-lyrics
312,Back to Back,Pretty City (Ft. Lost ),https://genius.com/Pretty-city-back-to-back-lyrics
313,Never Sober,Dead Obies,https://genius.com/Dead-obies-never-sober-lyrics
314,La thérapie,Souldia (Ft. Infrak & T-Mo (Taktika) ),https://genius.com/Souldia-la-therapie-lyrics
315,Lucidité,Lary Kidd,https://genius.com/Lary-kidd-lucidite-lyrics
316,Big Bag,Mike Shabb,https://genius.com/Mike-shabb-big-bag-lyrics
317,La force de comprendre,Dubmatique,https://genius.com/Dubmatique-la-force-de-comprendre-lyrics
318,Pas l'choix,Gutta (Ft. Wawa EGK ),https://genius.com/Gutta-pas-lchoix-lyrics
319,Jour 1,Loud Lary Ajust,https://genius.com/Loud-lary-ajust-jour-1-lyrics
320,Tornado,Caballero & JeanJass (Ft. Enima & Limsa d'Aulnay ),https://genius.com/Caballero-and-jeanjass-tornado-lyrics
321,Portes de l'enfer,Enima,https://genius.com/Enima-portes-de-lenfer-lyrics
322,Ça va mal aller,Lost,https://genius.com/Lost-ca-va-mal-aller-lyrics
323,La poule,Manu Militari,https://genius.com/Manu-militari-la-poule-lyrics
324,Memento,Enima,https://genius.com/Enima-memento-lyrics
325,Les Gentils,Maybe Watson (Ft. Jam & P.Dox ),https://genius.com/Maybe-watson-les-gentils-lyrics
326,Enterrer vivant,Die-On (Ft. Rymz & Souldia ),https://genius.com/Die-on-enterrer-vivant-lyrics
327,Cullinan,Enima,https://genius.com/Enima-cullinan-lyrics
328,DO 2 Get,Dead Obies,https://genius.com/Dead-obies-do-2-get-lyrics
329,Dollars Canadiens,Lost,https://genius.com/Lost-dollars-canadiens-lyrics
330,Wake-Up Call,Dead Obies,https://genius.com/Dead-obies-wake-up-call-lyrics
331,Who Dat,Zach Zoya,https://genius.com/Zach-zoya-who-dat-lyrics
332,Grünt #29,"Grünt (Ft. Eman , Loud Lary Ajust & Osti One )",https://genius.com/Grunt-grunt-29-lyrics
333,Bixi,Kirouac & Kodakludo,https://genius.com/Kirouac-and-kodakludo-bixi-lyrics
334,Woosh,FouKi (Ft. Koriass ),https://genius.com/Fouki-woosh-lyrics
335,Chacalcolik vs Freddy Gruesum,WordUP! Battles (Ft. Chacalcolik & Freddy Gruesum ),https://genius.com/Wordup-battles-chacalcolik-vs-freddy-gruesum-lyrics
336,Out Of My Brain,DJ Toenail (Ft. JesseSMFI & Pokelawls ),https://genius.com/Dj-toenail-out-of-my-brain-lyrics
337,Sorry,Koriass,https://genius.com/Koriass-sorry-lyrics
338,Bijou,FouKi,https://genius.com/Fouki-bijou-lyrics
339,Sauce Pois,Alaclair Ensemble,https://genius.com/Alaclair-ensemble-sauce-pois-lyrics
340,Entre toi et moi,Random (QC),https://genius.com/Random-qc-entre-toi-et-moi-lyrics
341,Kilogrammes,"Caballero & JeanJass (Ft. Alkpote , ASHE 22 , ElGrandeToto , Enima , Limsa d'Aulnay , Roi Heenok , Savage Toddy , Stavo , thaHomey & VT )",https://genius.com/Caballero-and-jeanjass-kilogrammes-lyrics
342,Blacklist,White-B,https://genius.com/White-b-blacklist-lyrics
343,Ta yeul vis ta vie et reste en vie,KC L.M.N.O.P.,https://genius.com/Kc-lmnop-ta-yeul-vis-ta-vie-et-reste-en-vie-lyrics
344,De partout,Alaclair Ensemble,https://genius.com/Alaclair-ensemble-de-partout-lyrics
345,Faut c'qui faut,FouKi (Ft. ISHA & Lord Esperanza ),https://genius.com/Fouki-faut-cqui-faut-lyrics
346,Atlas,High Klassified (Ft. Izi & Zach Zoya ),https://genius.com/High-klassified-atlas-lyrics
347,Bad Boy,Enima,https://genius.com/Enima-bad-boy-lyrics
348,La liste noire,Souldia,https://genius.com/Souldia-la-liste-noire-lyrics
349,Mon frère,Souldia,https://genius.com/Souldia-mon-frere-lyrics
350,Vivant,Miguel Michel (Ft. Ced Auger ),https://genius.com/Miguel-michel-vivant-lyrics
351,Bonzaïon,Loco Locass,https://genius.com/Loco-locass-bonzaion-lyrics
352,Goonie Gang,KGoon,https://genius.com/Kgoon-goonie-gang-lyrics
353,Volonté,Manu Militari,https://genius.com/Manu-militari-volonte-lyrics
354,Palm Angels,Lost,https://genius.com/Lost-palm-angels-lyrics
355,MIKE TANGO LIMA,Lost,https://genius.com/Lost-mike-tango-lima-lyrics
356,Life,Enima,https://genius.com/Enima-life-lyrics
357,Dang,Izzy-S (Ft. Tizzo ),https://genius.com/Izzy-s-dang-lyrics
358,Superficial,Zach Zoya,https://genius.com/Zach-zoya-superficial-lyrics
359,Candlewood Suites,Loud Lary Ajust,https://genius.com/Loud-lary-ajust-candlewood-suites-lyrics
360,Les fleurs bleues,Lary Kidd,https://genius.com/Lary-kidd-les-fleurs-bleues-lyrics
361,45,Lost,https://genius.com/Lost-45-lyrics
362,New Phone Interlude,Loud,https://genius.com/Loud-new-phone-interlude-lyrics
363,Bénéfice,White-B,https://genius.com/White-b-benefice-lyrics
364,IT WAS ME AND MOXY,DJ Toenail (Ft. M0xxy ),https://genius.com/Dj-toenail-it-was-me-and-moxy-lyrics
365,Nouvelle Vague,Manu Militari,https://genius.com/Manu-militari-nouvelle-vague-lyrics
366,Mort lente,Loud Lary Ajust,https://genius.com/Loud-lary-ajust-mort-lente-lyrics
367,Confessionnal,Lost,https://genius.com/Lost-confessionnal-lyrics
368,Ennemis,Lost (Ft. Pretty City ),https://genius.com/Lost-ennemis-lyrics
369,Nouveau Boss,Enima,https://genius.com/Enima-nouveau-boss-lyrics
370,Freddy Gruesum vs Franko Bucci,WordUP! Battles (Ft. Franko Bucci & Freddy Gruesum ),https://genius.com/Wordup-battles-freddy-gruesum-vs-franko-bucci-lyrics
371,Soul pleureur,Dubmatique,https://genius.com/Dubmatique-soul-pleureur-lyrics
372,En t’oubliant,Koriass,https://genius.com/Koriass-en-toubliant-lyrics
373,Oh Yeah,Enima,https://genius.com/Enima-oh-yeah-lyrics
374,Splash,Joe Rocca,https://genius.com/Joe-rocca-splash-lyrics
375,Canons à Neige,Les Anticipateurs,https://genius.com/Les-anticipateurs-canons-a-neige-lyrics
376,Parole d'homme,Manu Militari (Ft. Stan ),https://genius.com/Manu-militari-parole-dhomme-lyrics
377,BNB,Enima (Ft. PLK ),https://genius.com/Enima-bnb-lyrics
378,Hochelaga,Manu Militari,https://genius.com/Manu-militari-hochelaga-lyrics
379,Pause,VT,https://genius.com/Vt-pause-lyrics
380,FTSL / Arc-en-ciel,Lary Kidd,https://genius.com/Lary-kidd-ftsl-arc-en-ciel-lyrics
381,F3MMES,Lost,https://genius.com/Lost-f3mmes-lyrics
382,Grünt #30,Grünt (Ft. Dead Obies ),https://genius.com/Grunt-grunt-30-lyrics
383,Nouveau rap mondial,Roi Heenok,https://genius.com/Roi-heenok-nouveau-rap-mondial-lyrics
384,Fauve,Rymz,https://genius.com/Rymz-fauve-lyrics
385,Mal,Enima (Ft. Ness El Digital ),https://genius.com/Enima-mal-lyrics
386,MTL,Damso & Blynk,https://genius.com/Damso-and-blynk-mtl-lyrics
387,Bugz bonné,Sans Pression (Ft. Cobna ),https://genius.com/Sans-pression-bugz-bonne-lyrics
388,Sleep Like A Baby,"Nate Husser , Jean Deaux & .EXA (DJ)",https://genius.com/Nate-husser-jean-deaux-and-exa-dj-sleep-like-a-baby-lyrics
389,Je fais mes affaires,Izzy-S (Ft. Lost ),https://genius.com/Izzy-s-je-fais-mes-affaires-lyrics
390,Mi Amor,Karmen (FRA) (Ft. Enima ),https://genius.com/Karmen-fra-mi-amor-lyrics
391,Grignotines,FouKi,https://genius.com/Fouki-grignotines-lyrics
392,Tiens mon drink,Loud Lary Ajust,https://genius.com/Loud-lary-ajust-tiens-mon-drink-lyrics
393,Sapoud 2020,Les Anticipateurs,https://genius.com/Les-anticipateurs-sapoud-2020-lyrics
394,Van Gogh,Loud Lary Ajust,https://genius.com/Loud-lary-ajust-van-gogh-lyrics
395,Loin,5sang14,https://genius.com/5sang14-loin-lyrics
396,Spleen et Montréal,Loco Locass,https://genius.com/Loco-locass-spleen-et-montreal-lyrics
397,Fuckboy,Lost (Ft. White-B ),https://genius.com/Lost-fuckboy-lyrics
398,Money Everyday,Kay Bandz & Enima,https://genius.com/Kay-bandz-and-enima-money-everyday-lyrics
399,Toxique,White-B,https://genius.com/White-b-toxique-lyrics
400,Vraiment légendaire,Les Anticipateurs,https://genius.com/Les-anticipateurs-vraiment-legendaire-lyrics
401,Belle,QCLTUR (Ft. Boris Levrai & Rosalvo ),https://genius.com/Qcltur-belle-lyrics
402,Aujourd'hui,Gros Big,https://genius.com/Gros-big-aujourdhui-lyrics
403,Les infameux,Alaclair Ensemble,https://genius.com/Alaclair-ensemble-les-infameux-lyrics
404,Génies en Herbe,Koriass & FouKi,https://genius.com/Koriass-and-fouki-genies-en-herbe-lyrics
405,Fuck Eux,Enima,https://genius.com/Enima-fuck-eux-lyrics
406,Ferrari,Enima (Ft. Pirate (QBC) ),https://genius.com/Enima-ferrari-lyrics
407,L'empreinte,Manu Militari,https://genius.com/Manu-militari-lempreinte-lyrics
408,Paw Paw,Gutta (Ft. VT ),https://genius.com/Gutta-paw-paw-lyrics
409,La rue m’appelle encore,Connaisseur Ticaso,https://genius.com/Connaisseur-ticaso-la-rue-mappelle-encore-lyrics
410,Zayzay,FouKi,https://genius.com/Fouki-zayzay-lyrics
411,La Coka Coka,Roi Heenok,https://genius.com/Roi-heenok-la-coka-coka-lyrics
412,FÜHRER HEENOKO,Roi Heenok,https://genius.com/Roi-heenok-fuhrer-heenoko-lyrics
413,Around Us,Joe Rocca,https://genius.com/Joe-rocca-around-us-lyrics
414,À zéro,MB,https://genius.com/Mb-a-zero-lyrics
415,Dégâts,Trappo,https://genius.com/Trappo-degats-lyrics
416,Rap Queb,Loud Lary Ajust (Ft. Koriass ),https://genius.com/Loud-lary-ajust-rap-queb-lyrics
417,NoRapCap,Jeune Loup,https://genius.com/Jeune-loup-norapcap-lyrics
418,Demain ne suffit pas,Rymz (Ft. D4vid Lee ),https://genius.com/Rymz-demain-ne-suffit-pas-lyrics
419,I Said What I Said,Loud,https://genius.com/Loud-i-said-what-i-said-lyrics
420,Devilish,Enima,https://genius.com/Enima-devilish-lyrics
421,Vilain,Souldia,https://genius.com/Souldia-vilain-lyrics
422,Astral Drill,Rowjay,https://genius.com/Rowjay-astral-drill-lyrics
423,1942,Enima,https://genius.com/Enima-1942-lyrics
424,Révélation,Manu Militari,https://genius.com/Manu-militari-revelation-lyrics
425,Wono,FouKi,https://genius.com/Fouki-wono-lyrics
426,No Time,Kevin Na$h,https://genius.com/Kevin-na-h-no-time-lyrics
427,Hold Up,Loud,https://genius.com/Loud-hold-up-lyrics
428,Hier encore,Souldia & Lost,https://genius.com/Souldia-and-lost-hier-encore-lyrics
429,RSVP,Loud Lary Ajust,https://genius.com/Loud-lary-ajust-rsvp-lyrics
430,PCU,FouKi,https://genius.com/Fouki-pcu-lyrics
431,Le Rap-à-Billy,Lucien Francoeur,https://genius.com/Lucien-francoeur-le-rap-a-billy-lyrics
432,3-0 (Passe la mallette),Lost,https://genius.com/Lost-3-0-passe-la-mallette-lyrics
433,J-3000,Koriass,https://genius.com/Koriass-j-3000-lyrics
434,Audigier (SkulaBanks),Lord Esperanza (Ft. FouKi ),https://genius.com/Lord-esperanza-audigier-skulabanks-lyrics
435,Avant mon dernier adieu,Taktika (Ft. Farfadet ),https://genius.com/Taktika-avant-mon-dernier-adieu-lyrics
436,Le premier,Manu Militari,https://genius.com/Manu-militari-le-premier-lyrics
437,King Kong,LV Cupidon (Ft. Boutot ),https://genius.com/Lv-cupidon-king-kong-lyrics
438,Psychotrope,Lost,https://genius.com/Lost-psychotrope-lyrics
439,Peuple invincible,Samian,https://genius.com/Samian-peuple-invincible-lyrics
440,Blanchissage (Pour Richard),Les Anticipateurs,https://genius.com/Les-anticipateurs-blanchissage-pour-richard-lyrics
441,Euros,Enima,https://genius.com/Enima-euros-lyrics
442,Ennemis,Koriass,https://genius.com/Koriass-ennemis-lyrics
443,Génération Muzion,Enima,https://genius.com/Enima-generation-muzion-lyrics
444,Prise de conscience,White-B,https://genius.com/White-b-prise-de-conscience-lyrics
445,Ayè mama,Lost,https://genius.com/Lost-aye-mama-lyrics
446,Fuego,Sarahmée (Ft. Souldia ),https://genius.com/Sarahmee-fuego-lyrics
447,Minuit trop tard,Zagata & Souldia,https://genius.com/Zagata-and-souldia-minuit-trop-tard-lyrics
448,Leçons,Enima,https://genius.com/Enima-lecons-lyrics
449,Envoie la fumée,Souldia & Rymz,https://genius.com/Souldia-and-rymz-envoie-la-fumee-lyrics
450,Quand même clean,Alaclair Ensemble,https://genius.com/Alaclair-ensemble-quand-meme-clean-lyrics
451,Feelings,Enima,https://genius.com/Enima-feelings-lyrics
452,Mabad,FouKi,https://genius.com/Fouki-mabad-lyrics
453,Mr. Smith,Enima,https://genius.com/Enima-mr-smith-lyrics
454,Mami,Luidji,https://genius.com/Luidji-mami-lyrics
455,Carpe Diem,Rymz,https://genius.com/Rymz-carpe-diem-lyrics
456,Nulle part,Koriass,https://genius.com/Koriass-nulle-part-lyrics
457,Contrôle,Lary Kidd,https://genius.com/Lary-kidd-controle-lyrics
458,J'en appelle à la poésie,David Goudreault,https://genius.com/David-goudreault-jen-appelle-a-la-poesie-lyrics
459,Gunner,Enima,https://genius.com/Enima-gunner-lyrics
460,Million,White-B,https://genius.com/White-b-million-lyrics
461,Empire,Mtlord (Ft. Yzzi ),https://genius.com/Mtlord-empire-lyrics
462,Plankton,Shreez,https://genius.com/Shreez-plankton-lyrics
463,Parapluie,Brown Family,https://genius.com/Brown-family-parapluie-lyrics
464,Cruel Summer,Dead Obies,https://genius.com/Dead-obies-cruel-summer-lyrics
465,GENTIL GANG,FouKi (Ft. Vendou ),https://genius.com/Fouki-gentil-gang-lyrics
466,0 à 120,Alaclair Ensemble,https://genius.com/Alaclair-ensemble-0-a-120-lyrics
467,Didier Drogba,Capitaine Gaza (Ft. MB & White-B ),https://genius.com/Capitaine-gaza-didier-drogba-lyrics
468,IPhone,FouKi,https://genius.com/Fouki-iphone-lyrics
469,#22,Souldia,https://genius.com/Souldia-22-lyrics
470,Hôtel Hell,Loud Lary Ajust,https://genius.com/Loud-lary-ajust-hotel-hell-lyrics
471,Sacrifice,Souldia,https://genius.com/Souldia-sacrifice-lyrics
472,Oh oui,Enima,https://genius.com/Enima-oh-oui-lyrics
473,GONE,"LV Cupidon , Lebza Khey & Nikki B (Ft. Boutot )",https://genius.com/Lv-cupidon-lebza-khey-and-nikki-b-gone-lyrics
474,La Bataille des murailles,Loco Locass (Ft. Les Charbonniers de l'Enfer ),https://genius.com/Loco-locass-la-bataille-des-murailles-lyrics
475,Brk Frm Nrml,Planet Giza (Ft. Mick Jenkins ),https://genius.com/Planet-giza-brk-frm-nrml-lyrics
476,PÈRE NOËL,FREAKEY! (Ft. Shreez ),https://genius.com/Freakey-pere-noel-lyrics
477,Vivre ou périr,White-B (Ft. Lost ),https://genius.com/White-b-vivre-ou-perir-lyrics
478,Si je perdais,Enima,https://genius.com/Enima-si-je-perdais-lyrics
479,Ouvre ta fenêtre,Koriass,https://genius.com/Koriass-ouvre-ta-fenetre-lyrics
480,Labyrinthe,Souldia,https://genius.com/Souldia-labyrinthe-lyrics
481,La censure pour l'échafaud,Loco Locass,https://genius.com/Loco-locass-la-censure-pour-lechafaud-lyrics
482,Aucune promesse,Loud,https://genius.com/Loud-aucune-promesse-lyrics
483,Nothing,Enima,https://genius.com/Enima-nothing-lyrics
484,Tactique palestinienne,Roi Heenok,https://genius.com/Roi-heenok-tactique-palestinienne-lyrics
485,Le Quart du Crisss,Les Anticipateurs,https://genius.com/Les-anticipateurs-le-quart-du-crisss-lyrics
486,Oui toi,FouKi,https://genius.com/Fouki-oui-toi-lyrics
487,Double Cup,2V,https://genius.com/2v-double-cup-lyrics
488,Yes McCan vs Hermano Salvatore,WordUP! Battles (Ft. Hermano Salvatore & Yes Mccan ),https://genius.com/Wordup-battles-yes-mccan-vs-hermano-salvatore-lyrics
489,Nibiru,Roi Heenok (Ft. Jâmes Lescro ),https://genius.com/Roi-heenok-nibiru-lyrics
490,P6,Lost,https://genius.com/Lost-p6-lyrics
491,Onlyfans,Rowjay,https://genius.com/Rowjay-onlyfans-lyrics
492,Super héros,Farfadet (Ft. Rymz & Souldia ),https://genius.com/Farfadet-super-heros-lyrics
493,Vols d'énergies,Roi Heenok (Ft. atlas ),https://genius.com/Roi-heenok-vols-denergies-lyrics
494,Mode Sport,5sang14,https://genius.com/5sang14-mode-sport-lyrics
495,Avant de disparaître,Claude Bégin,https://genius.com/Claude-begin-avant-de-disparaitre-lyrics
496,Vivre et laisser vivre,Manu Militari,https://genius.com/Manu-militari-vivre-et-laisser-vivre-lyrics
497,Sultan Hotel,Manu Militari,https://genius.com/Manu-militari-sultan-hotel-lyrics
498,Run Away,Dead Obies,https://genius.com/Dead-obies-run-away-lyrics
499,Alerte Amber,Koriass,https://genius.com/Koriass-alerte-amber-lyrics
500,La Cavale,VT,https://genius.com/Vt-la-cavale-lyrics
501,Geeked Up,Rowjay (Ft. 8ruki & Jeune Loup ),https://genius.com/Rowjay-geeked-up-lyrics
502,Allan Théo,Yes Mccan,https://genius.com/Yes-mccan-allan-theo-lyrics
503,Petites Défaites (Intro),Koriass,https://genius.com/Koriass-petites-defaites-intro-lyrics
504,El Chapo,Enima,https://genius.com/Enima-el-chapo-lyrics
505,CREED,Enima,https://genius.com/Enima-creed-lyrics
506,DEEP DAYS,Enima,https://genius.com/Enima-deep-days-lyrics
507,NONON,FouKi,https://genius.com/Fouki-nonon-lyrics
508,GRANDI DANS LA RUE,Izzy-S,https://genius.com/Izzy-s-grandi-dans-la-rue-lyrics
509,M.AN.U,Manu Militari,https://genius.com/Manu-militari-manu-lyrics
510,SVR,Enima,https://genius.com/Enima-svr-lyrics
511,Rêve de jeunesse,Souldia (Ft. Loud ),https://genius.com/Souldia-reve-de-jeunesse-lyrics
512,Apprendre à vivre,Sir Pathétik (Ft. Billy Nova ),https://genius.com/Sir-pathetik-apprendre-a-vivre-lyrics
513,Money Convos,Yes Mccan,https://genius.com/Yes-mccan-money-convos-lyrics
514,La grande beauté,Lary Kidd,https://genius.com/Lary-kidd-la-grande-beaute-lyrics
515,Double Cup,Yes Mccan,https://genius.com/Yes-mccan-double-cup-lyrics
516,Cardi B,Enima,https://genius.com/Enima-cardi-b-lyrics
517,Chicotter,Lost,https://genius.com/Lost-chicotter-lyrics
518,Arab,Enima,https://genius.com/Enima-arab-lyrics
519,Néfertiti,FouKi,https://genius.com/Fouki-nefertiti-lyrics
520,Keys On The Table,Lary Kidd,https://genius.com/Lary-kidd-keys-on-the-table-lyrics
521,Le fantôme de l'opéra,Souldia,https://genius.com/Souldia-le-fantome-de-lopera-lyrics
522,Rime Organisé,Manu Militari,https://genius.com/Manu-militari-rime-organise-lyrics
523,Club,VT (Ft. Lil Berete ),https://genius.com/Vt-club-lyrics
524,Groove Grave,Loco Locass,https://genius.com/Loco-locass-groove-grave-lyrics
525,Ma Vie,VT,https://genius.com/Vt-ma-vie-lyrics
526,Le game c'est pas un jeu,Lost (Ft. Bagfull TNF ),https://genius.com/Lost-le-game-cest-pas-un-jeu-lyrics
527,La noche,Lost,https://genius.com/Lost-la-noche-lyrics
528,Papillon,FouKi,https://genius.com/Fouki-papillon-lyrics
529,GTA,Rymz,https://genius.com/Rymz-gta-lyrics
530,Love,Enima,https://genius.com/Enima-love-lyrics
531,D-Natural is Back,D-Natural,https://genius.com/D-natural-d-natural-is-back-lyrics
532,Intro,Jeune Loup,https://genius.com/Jeune-loup-intro-lyrics
533,OT,Lost (Ft. Trappo ),https://genius.com/Lost-ot-lyrics
534,Dwayne Carter Flow,Nate Husser,https://genius.com/Nate-husser-dwayne-carter-flow-lyrics
535,Lendemain,Koriass,https://genius.com/Koriass-lendemain-lyrics
536,BMF,Enima,https://genius.com/Enima-bmf-lyrics
537,Prêt ou pas,Random (QC) (Ft. Capitaine Gaza ),https://genius.com/Random-qc-pret-ou-pas-lyrics
538,Céline,Jeune Loup,https://genius.com/Jeune-loup-celine-lyrics
539,Décennie,Lost (Ft. White-B ),https://genius.com/Lost-decennie-lyrics
540,Outro (BP2),Lost,https://genius.com/Lost-outro-bp2-lyrics
541,FOCUS,Enima,https://genius.com/Enima-focus-lyrics
542,Viens célébrer,Roi Heenok,https://genius.com/Roi-heenok-viens-celebrer-lyrics
543,Je me souviens,Samian,https://genius.com/Samian-je-me-souviens-lyrics
544,Océan,Manu Militari,https://genius.com/Manu-militari-ocean-lyrics
545,Lil’ $,Dead Obies,https://genius.com/Dead-obies-lil-lyrics
546,Rowzin,Rowjay (Ft. Jwles ),https://genius.com/Rowjay-rowzin-lyrics
547,Komankasapel,Les Anticipateurs (Ft. D4vid Lee & DJ Riz-Boulet ),https://genius.com/Les-anticipateurs-komankasapel-lyrics
548,Win Win,"Loud , Imposs & Raccoon",https://genius.com/Loud-imposs-and-raccoon-win-win-lyrics
549,Pour vrai,Dead Obies,https://genius.com/Dead-obies-pour-vrai-lyrics
550,EN AMOUR,"Charlie Shulz (Ft. Le Ice , Ray Ray , Shreez & Tizzo )",https://genius.com/Charlie-shulz-en-amour-lyrics
551,Fugueuse,DawaMafia,https://genius.com/Dawamafia-fugueuse-lyrics
552,Oh ma Loca,"Capitaine Gaza (Ft. Lost , MB & White-B )",https://genius.com/Capitaine-gaza-oh-ma-loca-lyrics
553,Rouge neige,"Souldia (Ft. Rick Pagano , Seth Gueko & Sinik )",https://genius.com/Souldia-rouge-neige-lyrics
554,Crime d'honneur,Manu Militari,https://genius.com/Manu-militari-crime-dhonneur-lyrics
555,Coupe-vent Columbia,Lary Kidd (Ft. 20Some ),https://genius.com/Lary-kidd-coupe-vent-columbia-lyrics
556,Back,Kirouac & Kodakludo,https://genius.com/Kirouac-and-kodakludo-back-lyrics
557,Outremont,Loud Lary Ajust,https://genius.com/Loud-lary-ajust-outremont-lyrics
558,Le trou,Souldia,https://genius.com/Souldia-le-trou-lyrics
559,Gwap,FouKi,https://genius.com/Fouki-gwap-lyrics
560,Jenny Freestyle,Dead Obies,https://genius.com/Dead-obies-jenny-freestyle-lyrics
561,Leader,Koriass,https://genius.com/Koriass-leader-lyrics
562,Dirt,Enima,https://genius.com/Enima-dirt-lyrics
563,Gullywood,Loud Lary Ajust,https://genius.com/Loud-lary-ajust-gullywood-lyrics
564,51tr4p Fr4p50 (Intro),Tizzo & Shreez,https://genius.com/Tizzo-and-shreez-51tr4p-fr4p50-intro-lyrics
565,Clay Davis,Loud Lary Ajust,https://genius.com/Loud-lary-ajust-clay-davis-lyrics
566,Pour la mula,Soubillz (Ft. Lost ),https://genius.com/Soubillz-pour-la-mula-lyrics
567,20 Bandz,Enima,https://genius.com/Enima-20-bandz-lyrics
568,Ô Mon Dieu,Loud Lary Ajust,https://genius.com/Loud-lary-ajust-o-mon-dieu-lyrics
569,Ce n'était pas voulu,Souldia,https://genius.com/Souldia-ce-netait-pas-voulu-lyrics
570,Miracles,Koriass (Ft. FouKi ),https://genius.com/Koriass-miracles-lyrics
571,Lysandre,Les Anticipateurs,https://genius.com/Les-anticipateurs-lysandre-lyrics
572,Vedette,VT (Ft. Enima ),https://genius.com/Vt-vedette-lyrics
573,Trapstar,Kino (QC),https://genius.com/Kino-qc-trapstar-lyrics
574,À qui ?,Jeune Loup,https://genius.com/Jeune-loup-a-qui-lyrics
575,Cône Orange,Les Anticipateurs,https://genius.com/Les-anticipateurs-cone-orange-lyrics
576,La rue,Gutta,https://genius.com/Gutta-la-rue-lyrics
577,Ayenne,Zinera,https://genius.com/Zinera-ayenne-lyrics
578,Friday Night,Dead Obies,https://genius.com/Dead-obies-friday-night-lyrics
579,Jamais jamais,Koriass,https://genius.com/Koriass-jamais-jamais-lyrics
580,Dos large,Connaisseur Ticaso,https://genius.com/Connaisseur-ticaso-dos-large-lyrics
581,EAU,FouKi (Ft. Kevin Na$h ),https://genius.com/Fouki-eau-lyrics
582,Otages,5sang14,https://genius.com/5sang14-otages-lyrics
583,3M,Lamiral (QC) (Ft. VT ),https://genius.com/Lamiral-qc-3m-lyrics
584,Positif,FouKi,https://genius.com/Fouki-positif-lyrics
585,Loud,Shreez,https://genius.com/Shreez-loud-lyrics
586,Le monde est à nous,Souldia (Ft. Farfadet ),https://genius.com/Souldia-le-monde-est-a-nous-lyrics
587,Venom,White-B (Ft. Capitaine Gaza ),https://genius.com/White-b-venom-lyrics
588,Tjrs raison,"FouKi (Ft. Eman , Jam (K6A) , KNLO , Maybe Watson , Obia le Chef & Robert Nelson )",https://genius.com/Fouki-tjrs-raison-lyrics
589,WYD,Planet Giza (Ft. Saba ),https://genius.com/Planet-giza-wyd-lyrics
590,MAGIE,Enima,https://genius.com/Enima-magie-lyrics
591,Je suis comme je suis,Souldia,https://genius.com/Souldia-je-suis-comme-je-suis-lyrics
592,Pichassine,Qualité Motel (Ft. Rednext Level ),https://genius.com/Qualite-motel-pichassine-lyrics
593,Rage de vivre,Souldia (Ft. Lost ),https://genius.com/Souldia-rage-de-vivre-lyrics
594,Peinture à l'huile,Loud,https://genius.com/Loud-peinture-a-lhuile-lyrics
595,Too Many,"Dirty S (Ft. Lil Berete , Lost & MB )",https://genius.com/Dirty-s-too-many-lyrics
596,C'est la vie,Soubillz (Ft. YH ),https://genius.com/Soubillz-cest-la-vie-lyrics
597,Everyday,Dead Obies,https://genius.com/Dead-obies-everyday-lyrics
598,Outro (BP3),Lost,https://genius.com/Lost-outro-bp3-lyrics
599,Remonter ma braguette,MB,https://genius.com/Mb-remonter-ma-braguette-lyrics
600,Rien de moins,Loud & White-B,https://genius.com/Loud-and-white-b-rien-de-moins-lyrics
601,Brille,Di-Meh (Ft. Krisy & Rowjay ),https://genius.com/Di-meh-brille-lyrics
602,QDBV,Alaclair Ensemble,https://genius.com/Alaclair-ensemble-qdbv-lyrics
603,MA,Robert Nelson,https://genius.com/Robert-nelson-ma-lyrics
604,S’envoler,White-B (Ft. Izzy-S ),https://genius.com/White-b-senvoler-lyrics
605,Légendaire,Koriass,https://genius.com/Koriass-legendaire-lyrics
606,Partis de rien,Izzy-S (Ft. Lost ),https://genius.com/Izzy-s-partis-de-rien-lyrics
607,Ananas Mango,FouKi,https://genius.com/Fouki-ananas-mango-lyrics
608,Glitch,Zinera,https://genius.com/Zinera-glitch-lyrics
609,Apollyon,Enima,https://genius.com/Enima-apollyon-lyrics
610,Essayer,KBG (Ft. Enima ),https://genius.com/Kbg-essayer-lyrics
611,CLT,Enima (Ft. Norsacce Berlusconi ),https://genius.com/Enima-clt-lyrics
612,Gaz au fond,Souldia,https://genius.com/Souldia-gaz-au-fond-lyrics
613,Uber Eats Freestyle,Loud,https://genius.com/Loud-uber-eats-freestyle-lyrics
614,My Gully,Skiifall,https://genius.com/Skiifall-my-gully-lyrics
615,Lemonade,FouKi,https://genius.com/Fouki-lemonade-lyrics
616,Fidèle à chacune d'elles,Roi Heenok (Ft. Ugo le Patron ),https://genius.com/Roi-heenok-fidele-a-chacune-delles-lyrics
617,#10,Loud,https://genius.com/Loud-10-lyrics
618,4 Freestyle,Yes Mccan,https://genius.com/Yes-mccan-4-freestyle-lyrics
619,Lisdexamphétamine,Lary Kidd,https://genius.com/Lary-kidd-lisdexamphetamine-lyrics
620,Pénombre,Gutta & Wawa EGK,https://genius.com/Gutta-and-wawa-egk-penombre-lyrics
621,Louvre,Yes Mccan,https://genius.com/Yes-mccan-louvre-lyrics
622,No Fucking Way,Loud Lary Ajust,https://genius.com/Loud-lary-ajust-no-fucking-way-lyrics
623,Hoja De Coca,Lougarouz,https://genius.com/Lougarouz-hoja-de-coca-lyrics
624,Pas de journée off,Lost & White-B,https://genius.com/Lost-and-white-b-pas-de-journee-off-lyrics
625,Gurl,FouKi (Ft. Vince James ),https://genius.com/Fouki-gurl-lyrics
626,Chief Keef,Rach,https://genius.com/Rach-chief-keef-lyrics
627,Faut que ça change,Laurence Nerbonne,https://genius.com/Laurence-nerbonne-faut-que-ca-change-lyrics
628,Controllé par les milliards,MB (Ft. White-B ),https://genius.com/Mb-controlle-par-les-milliards-lyrics
629,Non Merci,Corops,https://genius.com/Corops-non-merci-lyrics
630,Que Tal,Norsacce Berlusconi (Ft. Enima ),https://genius.com/Norsacce-berlusconi-que-tal-lyrics
631,Long Time No See,Koriass,https://genius.com/Koriass-long-time-no-see-lyrics
632,FreeLeK,TheQ.,https://genius.com/Theq-freelek-lyrics
633,Illuminati musique,Roi Heenok,https://genius.com/Roi-heenok-illuminati-musique-lyrics
634,Américain,Koriass (Ft. Safia Nolin ),https://genius.com/Koriass-americain-lyrics
635,Kankan,FouKi,https://genius.com/Fouki-kankan-lyrics
636,Drug Factory,YH,https://genius.com/Yh-drug-factory-lyrics
637,Dieu Merci,Enima,https://genius.com/Enima-dieu-merci-lyrics
638,Young Summer,Loud Lary Ajust (Ft. Shash'U ),https://genius.com/Loud-lary-ajust-young-summer-lyrics
639,Chenous,Koriass,https://genius.com/Koriass-chenous-lyrics
640,Montréalistan,Manu Militari (Ft. Cheb Nino & Rolly ),https://genius.com/Manu-militari-montrealistan-lyrics
641,Céline,Les Anticipateurs,https://genius.com/Les-anticipateurs-celine-lyrics
642,3 saisons,Lary Kidd (Ft. 20Some & Loud ),https://genius.com/Lary-kidd-3-saisons-lyrics
643,Côté passager,Roxane Bruneau (Ft. Souldia ),https://genius.com/Roxane-bruneau-cote-passager-lyrics
644,Again,Enima,https://genius.com/Enima-again-lyrics
645,CC,Enima,https://genius.com/Enima-cc-lyrics
646,WanWay,FouKi,https://genius.com/Fouki-wanway-lyrics
647,Chez-moi,Lost (Ft. Manu Militari ),https://genius.com/Lost-chez-moi-lyrics
648,Pour un chèque,Tizzo & Shreez,https://genius.com/Tizzo-and-shreez-pour-un-cheque-lyrics
649,Les apparences,Souldia,https://genius.com/Souldia-les-apparences-lyrics
650,When The Moving Stops,Planet Giza,https://genius.com/Planet-giza-when-the-moving-stops-lyrics
651,Parle-moé don d’ça,Les Anticipateurs,https://genius.com/Les-anticipateurs-parle-moe-don-dca-lyrics
652,Encore,Enima,https://genius.com/Enima-encore-lyrics
653,Personne,Loud Lary Ajust,https://genius.com/Loud-lary-ajust-personne-lyrics
654,Tout donné,Koriass,https://genius.com/Koriass-tout-donne-lyrics
655,Sentencé,Lost & White-B,https://genius.com/Lost-and-white-b-sentence-lyrics
656,You Know That,Enima (Ft. Kay Bandz ),https://genius.com/Enima-you-know-that-lyrics
657,NOISE,Enima (Ft. ASHE 22 ),https://genius.com/Enima-noise-lyrics
658,Kung-Fu Margiela 2,Rowjay,https://genius.com/Rowjay-kung-fu-margiela-2-lyrics
659,Gang Way,LV Cupidon,https://genius.com/Lv-cupidon-gang-way-lyrics
660,Jeunes filles,Loud Lary Ajust,https://genius.com/Loud-lary-ajust-jeunes-filles-lyrics
661,Je n'ai pas mal,Souldia,https://genius.com/Souldia-je-nai-pas-mal-lyrics
662,G.G,Izzy-S (Ft. Salimo ),https://genius.com/Izzy-s-gg-lyrics
663,La nuit,White-B (Ft. Random (QC) ),https://genius.com/White-b-la-nuit-lyrics
664,Swish,Dead Obies,https://genius.com/Dead-obies-swish-lyrics
665,Stripclub (Remix),Rowjay (Ft. Hamza ),https://genius.com/Rowjay-stripclub-remix-lyrics
666,Fuck That,5sang14,https://genius.com/5sang14-fuck-that-lyrics
667,Ciao,Rymz,https://genius.com/Rymz-ciao-lyrics
668,Cause perdue,Koriass,https://genius.com/Koriass-cause-perdue-lyrics
669,Tout va bien,Lary Kidd,https://genius.com/Lary-kidd-tout-va-bien-lyrics
670,Affranchis,"Souldia , Saye & T-Mo (Taktika)",https://genius.com/Souldia-saye-and-t-mo-taktika-affranchis-lyrics
671,Temps,Yes Mccan,https://genius.com/Yes-mccan-temps-lyrics
672,VSTL,Enima (Ft. Gutta ),https://genius.com/Enima-vstl-lyrics
673,Pussy Nigga,Wasiu (Ft. Ghost (Unsorted) & KD II Times ),https://genius.com/Wasiu-pussy-nigga-lyrics
674,Comment faire,Tizzo (Ft. Shreez ),https://genius.com/Tizzo-comment-faire-lyrics
675,Enfant de la DPJ (Bonus Track),Sir Pathétik,https://genius.com/Sir-pathetik-enfant-de-la-dpj-bonus-track-lyrics
676,Plastic,Enima,https://genius.com/Enima-plastic-lyrics
677,Big Dog,Enima,https://genius.com/Enima-big-dog-lyrics
678,Complicité de meurtre,Souldia (Ft. Paranoize & Rymz ),https://genius.com/Souldia-complicite-de-meurtre-lyrics
679,Autre chose,Gros Big,https://genius.com/Gros-big-autre-chose-lyrics
680,Sosa,Lost,https://genius.com/Lost-sosa-lyrics
681,Holy Water,Enima,https://genius.com/Enima-holy-water-lyrics
682,Get It Right,Koriass,https://genius.com/Koriass-get-it-right-lyrics
683,Crabe Des Neiges,Loud Lary Ajust,https://genius.com/Loud-lary-ajust-crabe-des-neiges-lyrics
684,Paroisse,Alaclair Ensemble,https://genius.com/Alaclair-ensemble-paroisse-lyrics
685,Bodies N VVZ,Zinera,https://genius.com/Zinera-bodies-n-vvz-lyrics
686,NO JUMPER,Wasiu,https://genius.com/Wasiu-no-jumper-lyrics
687,Lonely,Adamo (QC),https://genius.com/Adamo-qc-lonely-lyrics
688,Xavier Caféine,Loud Lary Ajust,https://genius.com/Loud-lary-ajust-xavier-cafeine-lyrics
689,Voilà,White-B,https://genius.com/White-b-voila-lyrics
690,10ème,Rowjay,https://genius.com/Rowjay-10eme-lyrics
691,PNL (Pouvoir Narcotique Loyauté),Roi Heenok,https://genius.com/Roi-heenok-pnl-pouvoir-narcotique-loyaute-lyrics
692,Sa fume,LV Cupidon (Ft. Shreez ),https://genius.com/Lv-cupidon-sa-fume-lyrics
693,Fast Life,Rymz,https://genius.com/Rymz-fast-life-lyrics
694,SKRAB,Souldia,https://genius.com/Souldia-skrab-lyrics
695,James Hyndman Money,Loud Lary Ajust,https://genius.com/Loud-lary-ajust-james-hyndman-money-lyrics
696,Sono,Enima,https://genius.com/Enima-sono-lyrics
697,Elle est partie,Sarahmée (Ft. Nissa Seych ),https://genius.com/Sarahmee-elle-est-partie-lyrics
698,La vie est si fragile,Dubmatique (Ft. Ashley MacIsaac ),https://genius.com/Dubmatique-la-vie-est-si-fragile-lyrics
699,Rédelé,Alaclair Ensemble,https://genius.com/Alaclair-ensemble-redele-lyrics
700,Génocide,Samian,https://genius.com/Samian-genocide-lyrics
701,Rocky Road,Planet Giza (Ft. Cousin Stizz ),https://genius.com/Planet-giza-rocky-road-lyrics
702,High,Dead Obies,https://genius.com/Dead-obies-high-lyrics
703,Intro (Aujourd’hui ou jamais),YH,https://genius.com/Yh-intro-aujourdhui-ou-jamais-lyrics
704,Qatari,Zinera,https://genius.com/Zinera-qatari-lyrics
705,Quatre saisons,Manu Militari,https://genius.com/Manu-militari-quatre-saisons-lyrics
706,Tangerine,LaF (QC),https://genius.com/Laf-qc-tangerine-lyrics
707,Zombie,Kinji00 (Ft. Jeunesept ),https://genius.com/Kinji00-zombie-lyrics
708,Rien qui s'donne,Alaclair Ensemble,https://genius.com/Alaclair-ensemble-rien-qui-sdonne-lyrics
709,Caramel,Shreez,https://genius.com/Shreez-caramel-lyrics
710,Fleurs sous la neige,Koriass,https://genius.com/Koriass-fleurs-sous-la-neige-lyrics
711,Savoir faire,Rowjay (Ft. 8ruki ),https://genius.com/Rowjay-savoir-faire-lyrics
712,Love Song,Dead Obies,https://genius.com/Dead-obies-love-song-lyrics
713,Héros,Loud Lary Ajust,https://genius.com/Loud-lary-ajust-heros-lyrics
714,Y’a des jours,Mauvais Acte,https://genius.com/Mauvais-acte-ya-des-jours-lyrics
715,No Chills,Jeune Loup,https://genius.com/Jeune-loup-no-chills-lyrics
716,4ever,Enima,https://genius.com/Enima-4ever-lyrics
717,Hercule,Lary Kidd,https://genius.com/Lary-kidd-hercule-lyrics
718,Keskia,Souldia,https://genius.com/Souldia-keskia-lyrics
719,Krime Grave,Souldia,https://genius.com/Souldia-krime-grave-lyrics
720,EmoGPT,DJ Toenail (Ft. JesseSMFI & Pokelawls ),https://genius.com/Dj-toenail-emogpt-lyrics
721,Spliff à deux,FouKi,https://genius.com/Fouki-spliff-a-deux-lyrics
722,Sexto,Souldia,https://genius.com/Souldia-sexto-lyrics
723,Saisons,Enima,https://genius.com/Enima-saisons-lyrics
724,Illusion de paradis,Farfadet,https://genius.com/Farfadet-illusion-de-paradis-lyrics
725,Lost Angeles,Skiifall,https://genius.com/Skiifall-lost-angeles-lyrics
726,André,Dead Obies,https://genius.com/Dead-obies-andre-lyrics
727,Inédit,Sir Pathétik,https://genius.com/Sir-pathetik-inedit-lyrics
728,Sixième sens,Lost (Ft. Izzy-S ),https://genius.com/Lost-sixieme-sens-lyrics
729,Parades photos,Lost (Ft. Dinos ),https://genius.com/Lost-parades-photos-lyrics
730,Fait Chier,Koriass & FouKi,https://genius.com/Koriass-and-fouki-fait-chier-lyrics
731,Ceci n'est pas une chanson triste,Souldia,https://genius.com/Souldia-ceci-nest-pas-une-chanson-triste-lyrics
732,"J'ai aimé, j'ai souffert, maintenant je haïs",Die-On,https://genius.com/Die-on-jai-aime-jai-souffert-maintenant-je-hais-lyrics
733,Violation [AOC-02],J-LeScientific (Ft. SunShan ),https://genius.com/J-lescientific-violation-aoc-02-lyrics
734,GO MODE,Enima,https://genius.com/Enima-go-mode-lyrics
735,Pas d’chilling,Rainmen (Ft. Skandal (QC) ),https://genius.com/Rainmen-pas-dchilling-lyrics
736,Mon Ami,VT (Ft. Souldia ),https://genius.com/Vt-mon-ami-lyrics
737,Perico,Ness El Digital (Ft. Enima & V-12 (CAN) ),https://genius.com/Ness-el-digital-perico-lyrics
738,Flex,Enima,https://genius.com/Enima-flex-lyrics
739,Exposing Me(Remix),Jackboy RLJ,https://genius.com/Jackboy-rlj-exposing-meremix-lyrics
740,Gangsta,5sang14,https://genius.com/5sang14-gangsta-lyrics
741,Le poids des mots,"Souldia (Ft. Helme , Jam Khalil , LeMind & Woodman )",https://genius.com/Souldia-le-poids-des-mots-lyrics
742,Des kilomètres et des ennuis,Rymz,https://genius.com/Rymz-des-kilometres-et-des-ennuis-lyrics
743,Fussy Fuss,Alaclair Ensemble,https://genius.com/Alaclair-ensemble-fussy-fuss-lyrics
744,La barre des trente,Manu Militari (Ft. Ott & Stan ),https://genius.com/Manu-militari-la-barre-des-trente-lyrics
745,Chien,Shreez,https://genius.com/Shreez-chien-lyrics
746,Freak Girls,Joe Rocca,https://genius.com/Joe-rocca-freak-girls-lyrics
747,Huh Yea,Serane (Ft. Rowjay ),https://genius.com/Serane-huh-yea-lyrics
748,Comme les autres,Enima,https://genius.com/Enima-comme-les-autres-lyrics
749,In America,Dead Obies,https://genius.com/Dead-obies-in-america-lyrics
750,Van Gogh,Manu Militari,https://genius.com/Manu-militari-van-gogh-lyrics
751,Burn,Rymz,https://genius.com/Rymz-burn-lyrics
752,Explicit gang,"Taktika , Northsiderz , Vendetta (QC) , Frères d'Ombre , Sadik , Fuccè & SF34",https://genius.com/Taktika-northsiderz-vendetta-qc-freres-dombre-sadik-fucce-and-sf34-explicit-gang-lyrics
753,STL Vice,Connaisseur Ticaso,https://genius.com/Connaisseur-ticaso-stl-vice-lyrics
754,Backstage,Souldia (Ft. Eli Rose ),https://genius.com/Souldia-backstage-lyrics
755,Timing,FouKi,https://genius.com/Fouki-timing-lyrics
756,Jalousie,Shreez (Ft. White-B ),https://genius.com/Shreez-jalousie-lyrics
757,La fille que j'aime,Sir Pathétik,https://genius.com/Sir-pathetik-la-fille-que-jaime-lyrics
758,Dead Summer,Aswell,https://genius.com/Aswell-dead-summer-lyrics
759,Grünt #62,"Grünt (Ft. Imposs , Lary Kidd , Lost & Loud )",https://genius.com/Grunt-grunt-62-lyrics
760,Numéro 1,Sans Pression,https://genius.com/Sans-pression-numero-1-lyrics
761,George Fraude,Kalibre,https://genius.com/Kalibre-george-fraude-lyrics
762,DOUBLE F,Rowjay (Ft. La Fève ),https://genius.com/Rowjay-double-f-lyrics
763,Numéros,Enima,https://genius.com/Enima-numeros-lyrics
764,Miroir miroir,Lary Kidd,https://genius.com/Lary-kidd-miroir-miroir-lyrics
765,Mort Ou Vif,Loud Lary Ajust,https://genius.com/Loud-lary-ajust-mort-ou-vif-lyrics
766,6ème sens,Jeune Loup,https://genius.com/Jeune-loup-6eme-sens-lyrics
767,OFF,Souldia & Tizzo,https://genius.com/Souldia-and-tizzo-off-lyrics
768,Huit-trois,"83 (Ft. 2Faces , B-Ice (Taktika) , Canox & Pagaïl )",https://genius.com/83-huit-trois-lyrics
769,21,LV Cupidon,https://genius.com/Lv-cupidon-21-lyrics
770,C'EST BEAU,KNLO,https://genius.com/Knlo-cest-beau-lyrics
771,Pour toujours,Souldia,https://genius.com/Souldia-pour-toujours-lyrics
772,Houdini,"DawaMafia , LV Cupidon & Yung Duce",https://genius.com/Dawamafia-lv-cupidon-and-yung-duce-houdini-lyrics
773,After_L'after,FouKi,https://genius.com/Fouki-after-lafter-lyrics
774,Petite Italie,Jeune Loup,https://genius.com/Jeune-loup-petite-italie-lyrics
775,SAY SUM,Enima,https://genius.com/Enima-say-sum-lyrics
776,Je m'évapore,Ced Auger,https://genius.com/Ced-auger-je-mevapore-lyrics
777,Nota bene,Manu Militari (Ft. Stan ),https://genius.com/Manu-militari-nota-bene-lyrics
778,Nervous,"Brown Family (Ft. Eman , FouKi & KNLO )",https://genius.com/Brown-family-nervous-lyrics
779,Bateaux Colombiens,Les Anticipateurs (Ft. Xeryus ),https://genius.com/Les-anticipateurs-bateaux-colombiens-lyrics
780,Coin à l'ombre,Loud,https://genius.com/Loud-coin-a-lombre-lyrics
781,Lascars,Rymz & Farfadet,https://genius.com/Rymz-and-farfadet-lascars-lyrics
782,Tony,Josad,https://genius.com/Josad-tony-lyrics
783,Plan B,3MFrench (Ft. Enima ),https://genius.com/3mfrench-plan-b-lyrics
784,🖕 Justin Trudeau,Les Anticipateurs,https://genius.com/Les-anticipateurs-justin-trudeau-lyrics
785,IG SHOT pt.2,"Jeune Loup (Ft. Bbleu , Joe Rocca , Kevin Na$h & Mike Shabb )",https://genius.com/Jeune-loup-ig-shot-pt2-lyrics
786,Course,Enima,https://genius.com/Enima-course-lyrics
787,La nuit sera longue,Souldia (Ft. Loud ),https://genius.com/Souldia-la-nuit-sera-longue-lyrics
788,Budapest,FouKi,https://genius.com/Fouki-budapest-lyrics
789,Hier à aujourd’hui,Lost,https://genius.com/Lost-hier-a-aujourdhui-lyrics
790,Khawaga,Manu Militari,https://genius.com/Manu-militari-khawaga-lyrics
791,Mon Cou,Alaclair Ensemble,https://genius.com/Alaclair-ensemble-mon-cou-lyrics
792,Épitaphe,Koriass (Ft. Sarahmée & Souldia ),https://genius.com/Koriass-epitaphe-lyrics
793,Les palmiers brûlent dans la nuit,Lary Kidd (Ft. Yes Mccan ),https://genius.com/Lary-kidd-les-palmiers-brulent-dans-la-nuit-lyrics
794,Forgot About Wats,Alaclair Ensemble,https://genius.com/Alaclair-ensemble-forgot-about-wats-lyrics
795,Rêves de millions,Enima,https://genius.com/Enima-reves-de-millions-lyrics
796,Mami chula,Manu Militari (Ft. Frank Nino ),https://genius.com/Manu-militari-mami-chula-lyrics
797,Dernier Drink,Koriass & FouKi,https://genius.com/Koriass-and-fouki-dernier-drink-lyrics
798,Darksoul's,Fou Furieux,https://genius.com/Fou-furieux-darksouls-lyrics
799,Provider,Loud,https://genius.com/Loud-provider-lyrics
800,Barcelone,Lary Kidd,https://genius.com/Lary-kidd-barcelone-lyrics
801,20 Benz,Lost (Ft. FREAKEY! & Kekra ),https://genius.com/Lost-20-benz-lyrics
802,Jugement dernier,Sans Pression (Ft. Le Youngin' ),https://genius.com/Sans-pression-jugement-dernier-lyrics
803,Obscur,Souldia,https://genius.com/Souldia-obscur-lyrics
804,Contrefaçon,5sang14,https://genius.com/5sang14-contrefacon-lyrics
805,Real,5sang14,https://genius.com/5sang14-real-lyrics
806,Player,Enima,https://genius.com/Enima-player-lyrics
807,Ding Dong,Alaclair Ensemble,https://genius.com/Alaclair-ensemble-ding-dong-lyrics
808,Chargé,White-B,https://genius.com/White-b-charge-lyrics
809,L'alchimiste,Manu Militari,https://genius.com/Manu-militari-lalchimiste-lyrics
810,TU C DÉJÀ,FouKi (Ft. Jam (K6A) ),https://genius.com/Fouki-tu-c-deja-lyrics
811,Brûlure,Souldia & Tizzo,https://genius.com/Souldia-and-tizzo-brulure-lyrics
812,DMDTN,Enima,https://genius.com/Enima-dmdtn-lyrics
813,Maison,MB (Ft. White-B ),https://genius.com/Mb-maison-lyrics
814,Mind Of A Stoner,SoFine,https://genius.com/Sofine-mind-of-a-stoner-lyrics
815,Trafic,Dead Obies,https://genius.com/Dead-obies-trafic-lyrics
816,Ma Moune,Tizzo & Shreez (Ft. Le Ice & Soft ),https://genius.com/Tizzo-and-shreez-ma-moune-lyrics
817,Du Ma May (Remix),"Lil Waterboi (Ft. Chow Mane , Mando and JONAIR & Yenny Yuka )",https://genius.com/Lil-waterboi-du-ma-may-remix-lyrics
818,Bel Emballage Sans Le Contenu,Roi Heenok (Ft. Raekwon ),https://genius.com/Roi-heenok-bel-emballage-sans-le-contenu-lyrics
819,Amadit,KNLO,https://genius.com/Knlo-amadit-lyrics
820,Solide,YH,https://genius.com/Yh-solide-lyrics
821,Designer Chair,Lary Kidd,https://genius.com/Lary-kidd-designer-chair-lyrics
822,Réel,Joe Rocca (Ft. Imposs & Mike Shabb ),https://genius.com/Joe-rocca-reel-lyrics
823,Oubliez-moi,Rymz,https://genius.com/Rymz-oubliez-moi-lyrics
824,Get Dough,Dead Obies,https://genius.com/Dead-obies-get-dough-lyrics
825,C’est la vie,Charlotte Cardin (Ft. Dinos ),https://genius.com/Charlotte-cardin-cest-la-vie-lyrics
826,Condamné,Souldia,https://genius.com/Souldia-condamne-lyrics
827,Trône II,Enima,https://genius.com/Enima-trone-ii-lyrics
828,Cartel de QC,Taktika (Ft. Black Taboo ),https://genius.com/Taktika-cartel-de-qc-lyrics
829,Trône,VT (Ft. YH ),https://genius.com/Vt-trone-lyrics
830,Cosa Nostra,MB (Ft. Capitaine Gaza & Souldia ),https://genius.com/Mb-cosa-nostra-lyrics
831,Petit love,Koriass,https://genius.com/Koriass-petit-love-lyrics
832,Booted Up,Jeune Loup,https://genius.com/Jeune-loup-booted-up-lyrics
833,Rockstar,Lost (Ft. Souldia ),https://genius.com/Lost-rockstar-lyrics
834,Bravo,Koriass & FouKi,https://genius.com/Koriass-and-fouki-bravo-lyrics
835,Fantôme,Enima,https://genius.com/Enima-fantome-lyrics
836,Lifestyle,Lary Kidd,https://genius.com/Lary-kidd-lifestyle-lyrics
837,Black Cadillac,Dead Obies,https://genius.com/Dead-obies-black-cadillac-lyrics
838,Projet illégal,5sang14,https://genius.com/5sang14-projet-illegal-lyrics
839,KENZO NIGO (Sur moi),Rowjay,https://genius.com/Rowjay-kenzo-nigo-sur-moi-lyrics
840,Gruau Remix,"Loud Lary Ajust (Ft. Koriass , Maybe Watson & Robert Nelson )",https://genius.com/Loud-lary-ajust-gruau-remix-lyrics
841,Fleur de Lys,Kinji00,https://genius.com/Kinji00-fleur-de-lys-lyrics
842,Empire,Izzy-S,https://genius.com/Izzy-s-empire-lyrics
843,Lové,MB,https://genius.com/Mb-love-lyrics
844,Validé,VT (Ft. Enima ),https://genius.com/Vt-valide-lyrics
845,OK,JMB Drippy,https://genius.com/Jmb-drippy-ok-lyrics
846,Puthomme,MB,https://genius.com/Mb-puthomme-lyrics
847,Mic (feat. Lost),White-B,https://genius.com/White-b-mic-feat-lost-lyrics
848,Laisse-moi,Souldia & Lost,https://genius.com/Souldia-and-lost-laisse-moi-lyrics
849,Diamant,Shreez,https://genius.com/Shreez-diamant-lyrics
850,Koga's Trap,Maybe Watson,https://genius.com/Maybe-watson-kogas-trap-lyrics
851,Vraies Choses,Roi Heenok (Ft. atlas ),https://genius.com/Roi-heenok-vraies-choses-lyrics
852,Ce soir,Shreez (Ft. Tizzo ),https://genius.com/Shreez-ce-soir-lyrics
853,Contre le monde,Lost (Ft. Connaisseur Ticaso ),https://genius.com/Lost-contre-le-monde-lyrics
854,Le phénomène,Souldia,https://genius.com/Souldia-le-phenomene-lyrics
855,"Quiconque meurt, meurt à douleur",Manu Militari,https://genius.com/Manu-militari-quiconque-meurt-meurt-a-douleur-lyrics
856,Escobar II,Enima,https://genius.com/Enima-escobar-ii-lyrics
857,4 Freestyle Remix,Yes Mccan (Ft. MikeZup & Shreez ),https://genius.com/Yes-mccan-4-freestyle-remix-lyrics
858,White,Enima,https://genius.com/Enima-white-lyrics
859,Coin de paradis,Accrophone,https://genius.com/Accrophone-coin-de-paradis-lyrics
860,Hommes de lettres,20Some (Ft. Lary Kidd & Loud ),https://genius.com/20some-hommes-de-lettres-lyrics
861,KM,Souldia (Ft. YH ),https://genius.com/Souldia-km-lyrics
862,Jetlag,Zinera,https://genius.com/Zinera-jetlag-lyrics
863,Une ligne,Souldia & Tizzo,https://genius.com/Souldia-and-tizzo-une-ligne-lyrics
864,Jusqu'à la mort,Souldia (Ft. Zagata ),https://genius.com/Souldia-jusqua-la-mort-lyrics
865,Pas la vie d'artiste,White-B,https://genius.com/White-b-pas-la-vie-dartiste-lyrics
866,Automne,Souldia,https://genius.com/Souldia-automne-lyrics
867,Ultra-Violence,Lary Kidd (Ft. Ogee Rodman ),https://genius.com/Lary-kidd-ultra-violence-lyrics
868,Corbeau,Enima,https://genius.com/Enima-corbeau-lyrics
869,Everyday,Salimo,https://genius.com/Salimo-everyday-lyrics
870,LATE NIGHT,FouKi,https://genius.com/Fouki-late-night-lyrics
871,Cavale,Enima,https://genius.com/Enima-cavale-lyrics
872,Offline & Jetlag,Zinera,https://genius.com/Zinera-offline-and-jetlag-lyrics
873,ILS / THEY - 50 MCS 6 DJS - INTERNATIONAL POSSE CUT,"Beeyoudee (Ft. asthma (FRA) , B.K. (DEU) , B-Med , Booyah , Breeze , Brka , Butter , C-Drik , Chele , Daddy Rushy , DJ Fade Wizard , DJ Horg , Dj Metodh , DJ Nerve , Dj Olegg , Dj Phak , Filon d'Art , FL-How , FMU , Fresh Corleone , Genocide , G.O.D. Pt. III , Hlmé , Inf , Junior Makhno , Kefyr , KNLO , Koopsala , Lateb , Leveq , Lénième , One Dae , Paranoize , Pat k7 , Radio , RD (USA) , Riopel , Ritso , Ross , Ruste Juxx , Samm (Coloquinte) , Samy Elmousif , Schlackus , Scynikal , Seif , Shinobi , Showme , Slyfh , Webster , W.M.D. (Rap) & Woodman )",https://genius.com/Beeyoudee-ils-they-50-mcs-6-djs-international-posse-cut-lyrics
874,Le blues de Mabouz,Lost,https://genius.com/Lost-le-blues-de-mabouz-lyrics
875,Kakashi Hatake,Lost,https://genius.com/Lost-kakashi-hatake-lyrics
876,B.A.B Remix,gapman (Ft. Enima & VT ),https://genius.com/Gapman-bab-remix-lyrics
877,Normal de l’Est,Connaisseur Ticaso,https://genius.com/Connaisseur-ticaso-normal-de-lest-lyrics
878,Invisible,Souldia,https://genius.com/Souldia-invisible-lyrics
879,Dramatik vs Jeune Chilly Chill,WordUP! Battles (Ft. Dramatik & Jeune Chilly Chill ),https://genius.com/Wordup-battles-dramatik-vs-jeune-chilly-chill-lyrics
880,Le cœur a ses raisons,Sarahmée,https://genius.com/Sarahmee-le-cur-a-ses-raisons-lyrics
881,I Know,20Some,https://genius.com/20some-i-know-lyrics
882,Déjà vu,Random (QC),https://genius.com/Random-qc-deja-vu-lyrics
883,Up,Enima,https://genius.com/Enima-up-lyrics
884,A pour amour,Souldia (Ft. Sophia (QC) ),https://genius.com/Souldia-a-pour-amour-lyrics
885,DES KEBS À SOREL,Les Anticipateurs,https://genius.com/Les-anticipateurs-des-kebs-a-sorel-lyrics
886,Amsterdam,Souldia & Rymz (Ft. William Hennessey ),https://genius.com/Souldia-and-rymz-amsterdam-lyrics
887,Fils de l'anarchie/Prêt à mourrir,Northsiderz,https://genius.com/Northsiderz-fils-de-lanarchie-pret-a-mourrir-lyrics
888,Bish Don't Take My Phone,Outto-Tune Tyrone (Ft. DJ Toenail & Kyle Pred ),https://genius.com/Outto-tune-tyrone-bish-dont-take-my-phone-lyrics
889,Viens danser,White-B,https://genius.com/White-b-viens-danser-lyrics
890,Tombeau,Souldia,https://genius.com/Souldia-tombeau-lyrics
891,Hood Story,Zinera,https://genius.com/Zinera-hood-story-lyrics
892,Yeyey,FouKi,https://genius.com/Fouki-yeyey-lyrics
893,IMPLIQUÉ,Enima,https://genius.com/Enima-implique-lyrics
894,New York Ego,Roi Heenok (Ft. G.O.D. Pt. III ),https://genius.com/Roi-heenok-new-york-ego-lyrics
895,Surhomme,Lary Kidd,https://genius.com/Lary-kidd-surhomme-lyrics
896,Marijuana,Random (QC) (Ft. White-B ),https://genius.com/Random-qc-marijuana-lyrics
897,Dandan,Lost & White-B,https://genius.com/Lost-and-white-b-dandan-lyrics
898,Bad (feat. Shreez),White-B,https://genius.com/White-b-bad-feat-shreez-lyrics
899,Choix de Vie,Random (QC) (Ft. Lost ),https://genius.com/Random-qc-choix-de-vie-lyrics
900,Sortie de secours,Connaisseur Ticaso,https://genius.com/Connaisseur-ticaso-sortie-de-secours-lyrics
901,Je$us,Dead Obies,https://genius.com/Dead-obies-je-us-lyrics
902,5 dans la whip,Le Ice (Ft. Peeda ),https://genius.com/Le-ice-5-dans-la-whip-lyrics
903,Outro,Enima,https://genius.com/Enima-outro-lyrics
904,Infréquentable,White-B,https://genius.com/White-b-infrequentable-lyrics
905,Monde à l'envers,White-B,https://genius.com/White-b-monde-a-lenvers-lyrics
906,Fils aîné,Capitaine Gaza (Ft. Lost ),https://genius.com/Capitaine-gaza-fils-aine-lyrics
907,J'roule avec,MB (Ft. Jarod ),https://genius.com/Mb-jroule-avec-lyrics
908,PORT D'ARME,Enima (Ft. RK ),https://genius.com/Enima-port-darme-lyrics
909,La vie qu’on mène,FouKi (Ft. Souldia ),https://genius.com/Fouki-la-vie-quon-mene-lyrics
910,Rentre dans le Cercle - Saison 2 : Canada #1,"Rentre dans le Cercle (Ft. Izzy-S , Koriass , Lost , Loussa , MB , MCM (QC) , Rymz , Sarahmée & Souldia )",https://genius.com/Rentre-dans-le-cercle-rentre-dans-le-cercle-saison-2-canada-1-lyrics
911,Comme Un Ninja,Les Anticipateurs,https://genius.com/Les-anticipateurs-comme-un-ninja-lyrics
912,DEMBÉLÉ,Enima,https://genius.com/Enima-dembele-lyrics
913,Day Off,LaF (QC),https://genius.com/Laf-qc-day-off-lyrics
914,Rencontre fortuite,LaF (QC) (Ft. Franky Fade ),https://genius.com/Laf-qc-rencontre-fortuite-lyrics
915,KANKEJMEURRE,Les Anticipateurs,https://genius.com/Les-anticipateurs-kankejmeurre-lyrics
916,For The Low (Remix),Kay Bandz & Enima (Ft. Russkov ),https://genius.com/Kay-bandz-and-enima-for-the-low-remix-lyrics
917,Brown Baby,Brown Family,https://genius.com/Brown-family-brown-baby-lyrics
918,Wake_Up,FouKi,https://genius.com/Fouki-wake-up-lyrics
919,Sombre,Salimo,https://genius.com/Salimo-sombre-lyrics
920,Risques,Izzy-S (Ft. Lost ),https://genius.com/Izzy-s-risques-lyrics
921,Bizarre,LV Cupidon,https://genius.com/Lv-cupidon-bizarre-lyrics
922,HotBoi,Certified Z,https://genius.com/Certified-z-hotboi-lyrics
923,Urgence,Souldia (Ft. Malkay Lacrymogène ),https://genius.com/Souldia-urgence-lyrics
924,Carte Postale,Alaclair Ensemble (Ft. Maybe Watson ),https://genius.com/Alaclair-ensemble-carte-postale-lyrics
925,10k,Jeune Loup,https://genius.com/Jeune-loup-10k-lyrics
926,Péroxyde,Trappo,https://genius.com/Trappo-peroxyde-lyrics
927,Bully Shit,BEATSMASH & Wasiu,https://genius.com/Beatsmash-and-wasiu-bully-shit-lyrics
928,La tombe,Random (QC),https://genius.com/Random-qc-la-tombe-lyrics
929,Sans qu'on me voit,Rach,https://genius.com/Rach-sans-quon-me-voit-lyrics
930,Mon p’tit soleil,Sir Pathétik (Ft. Ced Auger ),https://genius.com/Sir-pathetik-mon-ptit-soleil-lyrics
931,F1,Dead Obies,https://genius.com/Dead-obies-f1-lyrics
932,Chaud là-bas,5sang14,https://genius.com/5sang14-chaud-la-bas-lyrics
933,Venimeuse,Les Anticipateurs,https://genius.com/Les-anticipateurs-venimeuse-lyrics
934,Point de repère,Souldia,https://genius.com/Souldia-point-de-repere-lyrics
935,Mal élevé,Lary Kidd,https://genius.com/Lary-kidd-mal-eleve-lyrics
936,LESBIENNE WOKE SUR L'AUTOTUNE,Calamine,https://genius.com/Calamine-lesbienne-woke-sur-lautotune-lyrics
937,La piaule,Manu Militari,https://genius.com/Manu-militari-la-piaule-lyrics
938,V.L.Y,Jeune Loup,https://genius.com/Jeune-loup-vly-lyrics
939,Tôt ou tard,Koriass,https://genius.com/Koriass-tot-ou-tard-lyrics
940,Inconnu,Rymz (Ft. D4vid Lee ),https://genius.com/Rymz-inconnu-lyrics
941,Power Move,Lost,https://genius.com/Lost-power-move-lyrics
942,On s’en câlisse,Sir Pathétik,https://genius.com/Sir-pathetik-on-sen-calisse-lyrics
943,Ripa,Alaclair Ensemble,https://genius.com/Alaclair-ensemble-ripa-lyrics
944,Perdu le contrôle,Lost (Ft. MB & White-B ),https://genius.com/Lost-perdu-le-controle-lyrics
945,Passe la moppe,Jeune Loup,https://genius.com/Jeune-loup-passe-la-moppe-lyrics
946,Trône,Enima,https://genius.com/Enima-trone-lyrics
947,Confession risquée,White-B,https://genius.com/White-b-confession-risquee-lyrics
948,CQJVD,Obia le Chef (Ft. Caballero & JeanJass ),https://genius.com/Obia-le-chef-cqjvd-lyrics
949,2 Dans La Coupe,Le Ice (Ft. Shreez ),https://genius.com/Le-ice-2-dans-la-coupe-lyrics
950,Rue Des saules,Koriass,https://genius.com/Koriass-rue-des-saules-lyrics
951,24/7,Izzy-S (Ft. Shreez & Tizzo ),https://genius.com/Izzy-s-24-7-lyrics
952,Malaise,Jeune Loup,https://genius.com/Jeune-loup-malaise-lyrics
953,Perdant,Jeune Loup,https://genius.com/Jeune-loup-perdant-lyrics
954,Every Day,Souldia (Ft. White-B ),https://genius.com/Souldia-every-day-lyrics
955,TELLEMENT,Enima (Ft. Rim'K ),https://genius.com/Enima-tellement-lyrics
956,Bagga Yute,Skiifall,https://genius.com/Skiifall-bagga-yute-lyrics
957,Royautés,Dead Obies,https://genius.com/Dead-obies-royautes-lyrics
958,88mph,Koriass,https://genius.com/Koriass-88mph-lyrics
959,Amen,Manu Militari,https://genius.com/Manu-militari-amen-lyrics
960,Contre amour,J7,https://genius.com/J7-contre-amour-lyrics
961,Pain Killer,Joe Rocca (Ft. Brown Family & Cape Tula ),https://genius.com/Joe-rocca-pain-killer-lyrics
962,Toktok,Rach (Ft. LV Cupidon ),https://genius.com/Rach-toktok-lyrics
963,Jugg,2V,https://genius.com/2v-jugg-lyrics
964,Magnifique,Souldia,https://genius.com/Souldia-magnifique-lyrics
965,Long Long Time,Sir Pathétik,https://genius.com/Sir-pathetik-long-long-time-lyrics
966,La descente,Manu Militari,https://genius.com/Manu-militari-la-descente-lyrics
967,HÉRITAGE,Lost,https://genius.com/Lost-heritage-lyrics
968,D-Natural est mon nom,D-Natural,https://genius.com/D-natural-d-natural-est-mon-nom-lyrics
969,Un jour à la fois,Souldia,https://genius.com/Souldia-un-jour-a-la-fois-lyrics
970,MALSAIN ET SAUF,Lost,https://genius.com/Lost-malsain-et-sauf-lyrics
971,On va l’faire,Les Anticipateurs (Ft. Dramatik & Imposs ),https://genius.com/Les-anticipateurs-on-va-lfaire-lyrics
972,Camping,Gros Big,https://genius.com/Gros-big-camping-lyrics
973,Couvre-feu,MB,https://genius.com/Mb-couvre-feu-lyrics
974,Vente de rêve,Rowjay,https://genius.com/Rowjay-vente-de-reve-lyrics
975,Non plus,Enima,https://genius.com/Enima-non-plus-lyrics
976,Volume,Boutot (Ft. Souldia ),https://genius.com/Boutot-volume-lyrics
977,Contrôlé par les médias,MB (Ft. Capitaine Gaza & White-B ),https://genius.com/Mb-controle-par-les-medias-lyrics
978,Rien à perdre,Muzion (Ft. DJ Nykeldon ),https://genius.com/Muzion-rien-a-perdre-lyrics
979,ZAY GO,FouKi,https://genius.com/Fouki-zay-go-lyrics
980,Loi 101,"Wasiu (Ft. 20Some , Joe Rocca , Lary Kidd , Ogee Rodman & Yes Mccan )",https://genius.com/Wasiu-loi-101-lyrics
981,Bang,Rymz,https://genius.com/Rymz-bang-lyrics
982,Papier,Enima (Ft. TK (FRA) ),https://genius.com/Enima-papier-lyrics
983,WD40,Souldia,https://genius.com/Souldia-wd40-lyrics
984,Chèque,Les Anticipateurs,https://genius.com/Les-anticipateurs-cheque-lyrics
985,Intro,Soubillz,https://genius.com/Soubillz-intro-lyrics
986,LomeLaval,High Klassified & Ateyaba,https://genius.com/High-klassified-and-ateyaba-lomelaval-lyrics
987,Chrome,Rymz (Ft. Eli Rose ),https://genius.com/Rymz-chrome-lyrics
988,Ça rend rap,Rock et Belles Oreilles,https://genius.com/Rock-et-belles-oreilles-ca-rend-rap-lyrics
989,"Sexe, violence, rap et flouze",Rymz (Ft. Farfadet ),https://genius.com/Rymz-sexe-violence-rap-et-flouze-lyrics
990,On cherche plus on trouve,Accrophone,https://genius.com/Accrophone-on-cherche-plus-on-trouve-lyrics
991,BONNE VOIE,Enima,https://genius.com/Enima-bonne-voie-lyrics
992,You Wasn't Lyin',Planet Giza,https://genius.com/Planet-giza-you-wasnt-lyin-lyrics
993,Diablesse,Gutta,https://genius.com/Gutta-diablesse-lyrics
994,Stack,Alaclair Ensemble,https://genius.com/Alaclair-ensemble-stack-lyrics
995,Arnô vs Lamanif,WordUP! Battles,https://genius.com/Wordup-battles-arno-vs-lamanif-lyrics
996,24,Dead Obies,https://genius.com/Dead-obies-24-lyrics
997,À la grâce de dieu,Loud Lary Ajust,https://genius.com/Loud-lary-ajust-a-la-grace-de-dieu-lyrics
998,Soucoupe volante,Lary Kidd (Ft. Tizzo ),https://genius.com/Lary-kidd-soucoupe-volante-lyrics
999,Fait-le,Souldia (Ft. DawaMafia ),https://genius.com/Souldia-fait-le-lyrics
